Discord Birthday ¬©#5498;;440821907562954754;;1590351102
NITRO GENERATOR#4934;;463666344362246145;;1586097587
FREE NITRO#8444;;510829618131894282;;1586245839
Discord Boost & Nitro#9328;;539033254628425730;;1592505755
Nitro Generator üöÄ#3539;;539533490530680852;;1585922572
Nitro Generator üöÄ#9185;;539774018434367491;;1585922648
Twitch#4440;;556460051750191125;;1586246919
Nitro for Free#0765;;556835665371725834;;1586503438
Free Boost#9105;;558666479349006337;;1586372980
Join Now ü§§#7019;;568769296499474442;;1585939657
Join Baby ü§§#2159;;588867151591636994;;1586503410
Erica#1433;;592454349410664452;;1587058929
Robux Generator#3496;;592691866953056256;;1587282792
Nitro Generator#3933;;592718206658150411;;1587282830
Maria +18#0596;;592772321291403276;;1587129529
NitroGen#2217;;595119572588429326;;1586509887
¬ª Free Boost#1362;;595819828372045829;;1587670996
Lea#2781;;597157801844015106;;1586511975
BOOST FREE NITRO#0439;;608738253541212180;;1586245223
LUNA ‚ú®#7447;;608749243775320065;;1587129552
Official Boosting Event#3181;;612658150126125066;;1592119568
Raniaü•∂#6400;;614382090913447976;;1586509215
Chill.ùë∑ùëºùë©#7783;;614382734554562570;;1586509409
Safiaü•∂#1282;;614382854264062002;;1586509206
ùìîùìµùì≤ùìºùì™ üíô#3089;;617440703105990676;;1597582595
Free Nitro Stable#4153;;618516506891780126;;1585925454
Ytzmo >#7011;;619783315209322496;;1598101877
Vortex#2771;;619869192320974869;;1587283071
‚ô•Julia ‚ô•#6288;;620042929322459156;;1586110599
Laura ‚ù§#1878;;630020092490547201;;1597582511
Hey ‚ù§#3352;;630806739297501185;;1585929630
FREE BOOST üíé#0578;;639438102154182667;;1587282757
Yumeko üíã#4548;;643891814482575383;;1598102165
Twitch#4667;;646129426861522964;;1586246152
Selena ü¶ã#3171;;647537512822341654;;1586503350
üíó Love Club#4881;;653999016501182464;;1598101943
flexxi#7416;;659248310002909204;;1586273292
Join Baby ü§§#0170;;659395080276148244;;1585938463
revenge#4649;;659564846500675612;;1586245040
FREE NITRO#7840;;662405578106208267;;1585930059
√âlodie#5108;;668209918964269057;;1585935470
Nitro Rewards#4217;;672169568956842008;;1585941703
Nitro Rewards.#0376;;672484117304180757;;1585930590
APRIL FREE NITRO#7017;;675485790796775427;;1586097540
Selma¬≤#3184;;677597285433212928;;1586503397
Natali üòç#1554;;677909837220151309;;1585935738
free nitro#0129;;678660667871330340;;1586246982
Morgane üíã#2041;;679289002653777961;;1597582664
¬© Free Nitro#4154;;679333252208787487;;1598722121
Discord System#3465;;680107079335149685;;1590351111
Akashi#6549;;680846041943507023;;1586244225
Nitro#08229;;6824281371246713;;1586253850
Discord Boosting#3766;;683205210302447790;;1590132536
Free Boost#7368;;684014542891515924;;1587129574
FREE NITRO#2621;;685688540004352001;;1585922778
Aisha#9950;;685876469003583528;;1585922373
Robux#9603;;685876513048231977;;1585922600
Join For Join#7481;;685876541510779008;;1585922755
Nitro#0599;;685876562234703889;;1585933312
Free Nitro#3984;;685878297804013647;;1585927083
Amber#7270;;685878350081687572;;1585927103
Free Nitro#6507;;685878382738669696;;1585927054
Free Nitro#0499;;685887008799064075;;1585921668
MONEY FREE NITRO#6889;;686206832779460638;;1585927020
Gif Share#7575;;686208631271981087;;1586503361
Nitro Generator#9500;;686208643854893123;;1586503378
Nitro Generator#8969;;686208699714240523;;1586264432
Alisa#7599;;686208713258041364;;1586109511
Mayline#8146;;686235446866739269;;1597582605
NITRO GENERATOR#4968;;687377499268710430;;1587671730
Am√©lie#2029;;687717628411904055;;1585940468
Nitro Generator üöÄ#5799;;687992268602605613;;1587397469
¬©Ô∏è Boosting Event#4329;;688051846979518482;;1592119572
Thoth#0133;;688197741754581023;;1585935642
Alyssa#7168;;688335169895268381;;1585940445
Nitro Generator üöÄ#7677;;688483669899345973;;1585921698
Read me#5437;;690324494635761756;;1587060967
√âlodie#5108;;690361022615519392;;1586273332
Marine#8361;;690669756692299806;;1598102528
Free Nitro#0582;;691006822588350535;;1585932028
Nidv#5467;;691597336136122442;;1585940514
Free Boost#2466;;692077318717309008;;1587671690
Free Rewards#2924;;692078314977755166;;1587647417
¬© Wumpus Birthday üéÇ#8893;;692274537709961237;;1590351122
Free Nitro#8877;;692460759375937668;;1586253273
Free Nitro‚Ñ¢ üöÄ#5384;;693175577405947987;;1585938442
ƒ∞nvites = Subscribes#8565;;693495427642818611;;1585941626
Free Nudes üíã#5069;;694810586428473424;;1585935675
Nitro Generator#5781;;694823679497863245;;1585935709
Free Boost#7960;;694900205652410428;;1587669881
Free 5$#6871;;694900811649646592;;1585937891
NITR0 FREE PREMIUM#0177;;695044888600903761;;1587671006
Alisha#4687;;695242689142325308;;1585941612
Free Discord Nitro#3306;;695243587620962424;;1585925722
Stuart#0450;;695400461817217044;;1585940456
Join 4 Join#8395;;695562509146652727;;1585977977
Nitr√≥üëΩ#2497;;695599366559498250;;1585922548
Free Nitro#4801;;695647447485251684;;1586085646
Free Boost#9585;;695668756621295616;;1587648294
Lucas.nitro ü•∞#5897;;695702572387926140;;1585990635
Free Nitro#0313;;696428641495810210;;1586245986
Free Nitro!#9046;;698851105106296863;;1597509030
Security Bot [Beta] #8164;;700662524663693382;;1592026819
Free Nitro#8727;;701173405361373201;;1587282925
–º‚Ñì Fernanda#6844;;702118216285290519;;1598102203
Chlo√©#3306;;702407718916325388;;1598101840
¬©Free Nitro#2707;;703997481524002906;;1597509058
BRAVO#2083;;703997530148569162;;1598727287
¬©Free Nitro#187;;703997638298566656;;1598101587
INDIA#7300;;703997675950964857;;1598101354
E-Girl#4167;;704402857108963419;;1598102146
Boosting Discord#2897;;704877100347424780;;1598102559
Free Discord Boost#9749;;705726555913191484;;1590132556
¬© Take Your Boost‚Ñ¢#7927;;705802928711270400;;1597509060
MIKE#8341;;705845617762631773;;1597582410
¬©Free Nitro#6467;;705845651325321234;;1598101024
PAPA#6681;;705845669491114035;;1597509061
QUEBEC#1349;;705845685865414717;;1597579024
¬© Claim your Nitro#2199;;706257869170933810;;1597656763
Jade. üíó#9660;;709835880214560838;;1598176414
TANGO#9798;;710502795815419945;;1597656767
Nitro#9994;;710503134950326434;;1598722212
You won !#822;;710974955914788976;;1597581780
GIFS OFFICIAL üåü#8050;;712294557286400072;;1598102593
Auriane. ü¶ã#2060;;712677476274405436;;1598518631
Emmaa.#1774;;712677694273355831;;1597578777
Roblox Labs üöÄ#9733;;712724239144452169;;1590437197
Discord Boosting#2546;;715171053776666674;;1597509092
Discord Nitro-#9952;;715683196074852475;;1598992408
Adriana üíï#5163;;716369894547128411;;1598101927
Rainbow#7038;;716850415957966950;;1591001895
Infinite Bot#9441;;716994177363345469;;1591370889
Dyana üíï#2892;;717635692926337066;;1598102179
GiveawayBot#4407;;718877762051506217;;1597509119
Licence#4244;;719644048113139743;;1597582689
Louanne#7708;;720958006845767752;;1597509123
Sevim üåü#3199;;722816266510794813;;1598101863
Join baby ü••#2019;;723815865505808425;;1598102020
Angela ü¶ã#8352;;723907015914815551;;1598102041
¬©„ÉªFree Boost#2183;;725663321797296149;;1597509151
Discord Offical Boost#9592;;725674418612994149;;1597509152
Lucie. ü¶ã#3366;;726527851033264219;;1598101695
Louane ü¶ã#9730;;726527892821114881;;1598722139
****#8736;;728155342948794428;;1598991453
Emma love#6177;;729142751190319175;;1598102581
Lolaüîû#4025;;729144079111290941;;1598102570
Crabis BOT#1061;;729349252886822923;;1597509154
Join baby üíã#462;;730044947725811724;;1598102134
Mastery Bot#1152;;730497709772898391;;1598102273
Blanche#1461;;731504701585096806;;1598101419
Rainboww#9916;;731504768207290479;;1597509155
Nitro#4950;;731504905889775656;;1598101563
Fake / Spam Bot#9723;;731850678909009930;;1597509156
NITRO#8484;;732291587899523137;;1597509158
Sexy#2089;;732291748012752917;;1597582543
WAIT NITRO#5602;;732291904519274528;;1597509158
Discord Nitro & Boosts#1316;;734056656723378248;;1597509183
Fake / Spam Bot#3947;;734486239641600070;;1597509183
Aliseüíì#8175;;735995450016137396;;1597582426
Lanaüíì#480;;735995567074967593;;1597582483
Claim Your Boost#9556;;736549060793860156;;1598101737
Official#8200;;736684066329591838;;1598632543
¬Æ Claim Your Nitro and Boosts#1604;;736770408761655457;;1597509184
Join Baby üçë#3477;;736770450151178351;;1597509185
Julie ‚ù§#963;;737398273215692901;;1598102291
Alien#3920;;737800019347898460;;1598101546
Giveaway-bot#5856;;737800062226399284;;1598101347
Giveaway-bot#6690;;737800152454004747;;1598992371
FREE NITRO#7423;;738493858203172905;;1597581592
RewardsBot#2342;;741096991051874305;;1597748571
Linaah ü¶ã#6363;;743777950272454728;;1598518644
Free Boost#7181;;743812851743064065;;1597509186
Isabela_WAY#3669;;745484954368213022;;1598992534
Free Rewards#1694;;746235674973175889;;1598170091
Nagisa#8183;;746313287146274877;;1598101180
GhostBOT#6813;;748927811049226401;;1598992307
Roblox Rewarder#9777;;761578989822410794;;1601652667
