350022907587461125;;Minecraft Central Discord;1594718979
440425493087387651;;Adyasovo republika;1580930051
472372031128862730;;Theblockbuster1's Epic Chat Room;1595409131
509902843457568802;;5 Invites = Ikonik Skin;1592034283;;Intense Rewardsâ„¢;1592501815
521338600701558804;;Ebig memer room;1592501952
537708326230687775;;PayPal Rewards;1581596584
566702335103991808;;OG Hubâ„¢;1590348011
578226273881554955;;PayPal Rewardsâ„¢;1591955153
582657004875677698;;Invite Rewards & Giveaways ğŸ’¸;1582446354
593664406676570142;;Blaster Games;1594921075
593726894801682432;;Advertising Paradise;1583252270
596194173397368843;;Hawaii;1592385347
596766572182372498;;The Gaming Lodge;1597572615
599279560269234196;;ğŸ¬ãƒ»2 Invites = 1 Nitro;1585927214
601361124876877835;;ğ—£ğ—®ğ˜†ğ—£ğ—®ğ—¹ ğ—¥ğ—²ğ˜„ğ—®ğ—¿ğ—± Â©;1592057732
604267951180218394;;ğŸŒ€ãƒ»Discord Nitro;1595950349
612304758212001822;;10 Invites = 500 Robux/Nitro;1586502734
612569505008451584;;Pog Zone;1594666063
612882420320043080;;Done;1595950230
615262198050324510;;25 INVITE = NITRO;1597576077
623111992730845227;;west $;1587059165
624120803536928768;;The Tentacled Dealers;1594898659
625400805385568266;;TotalGang Giveaways;1592510047
626137180821258240;;Group of Gamers Official Discord;1585508063
627490449870946315;;Lounge Drop;1590086597
631158208668368908;;âœ” 3 Invites = Nitro |  PayPal | Minecraft |  Spotify |;1583055406
638789007932915713;;$exãƒ»Club ğŸ¸;1597417534
640335115574050816;;ğŸŒŸ| Nitroâ–ªï¸Robuxâ–ªï¸Paypal;1579892189
648142238404182080;;Clowns;1587283212
650393493042364416;;Discord Nitro ğŸš€;1583774635
654753842210013210;;5 INVITES = NITRO CODE;1584980943
655735939397582848;;5 invites = NITRO,NETFLIX,VBUCKS !;1586253012
656917578874093608;;ğŸ’¸ ãƒ»Paypal Rewards;1579889281
657677983389319172;;ğŸ‰Tranquility;1593008061
658226452889731082;;PayPal Rewards;1592570829
658835172657070152;;Alpha Rewards;1579726279
659764228751753226;;3 Invites = 1 Nitro;1581592083
660862750205149185;;ğŸ“ãƒ»5 Invites = 1 Nitro;1581009982
661631110433734681;;JOIN 4 NITRO;1581017585
663182198526181389;;ğğ¢ğ­ğ«ğ¨ğŸš€;1579895621
667184249358516236;;Free Nitro.;1579886864
667215325447716874;;IDK Official Discord;1585925942
668875442324897792;;ğŸ›¸ãƒ»3 INVITES = 5$;1579886548
669511757693321226;;PayPalâ–ªï¸Nitroâ–ªï¸Robux;1579893764
669779902794301461;;Rewards â€¢ ğŸ„;1581008818
669921950768037938;;âœ… Discord Nitro âœ…;1580926440
672225754930741248;;Baracuda Modding Services;1595409595
672465188699766797;;ğŸ“ãƒ»5 Invites = 1 Nitro;1581009197
673151048151597126;;Nitro Centerâ„¢ï¸;1581010302
673591545487687680;;ï½ï¼ ï½ ï½ ï½… ï½™;1582443067
674685445443158033;;â„ï¸ãƒ»3 invites = Nitroãƒ»Robuxãƒ»â„ï¸;1581012863
674951269592334396;;3 INVITE = 1 Month Nitro;1581592987
674966349570637844;;Discord Nitro | LEGIT;1581591883
675070985724231689;;Free Nitroâ„¢ï¸ ğŸš€;1581617243
675739022626258944;;5 Invites â€¢ Nitro Code â›„;1581267266
676876741951619083;;â€¢ Rewards&Shop â€¢;1581600893
677450341549080586;;5 invite = Nitro Classic;1583050296
677625288947007572;;Nitro Rewards;1583943784
678174342953041940;;âš¡InstaRewardsğŸ’™;1593100063
679116057654591510;;PayPal Rewardsâ„¢;1584809150
680152544672088064;;Nitro Rewards ğŸš€;1584108810
680166592994082952;;Invite = Rewards ğŸ;1582442832
680721566862278861;;Drops and Giveaways;1595409843
680914803077939267;;Invite = Rewards ğŸ;1582442998
681269287448740014;;2 Invites = 2,500 Robux;1583045991
681644274009243668;;ğŸ”· | 3 invites = 1 Nitro;1585928836
682372528651370499;;ğ™šğ™¨ğ™˜ğ™–ğ™¥ğ™š;1584108465
683117638150258728;;2 Invites = 1 Nitro;1583046193
683273281381728276;;3 Invite â€¢ 1 Nitro ğŸ”®;1592388507
684286210465595415;;3 INVITES = 4000 ROBUX;1584110353
685243360419774597;;ğŸ’¸ â— Paypal Rewards;1583941741
685343140483301604;;3 Invites = Nitro Gift ğŸ”¥;1583686620
685814445049774108;;4 Invites = 4.000 Robux;1583685757
685822172114976886;;7 Invites = 1 Nitro Classic;1583687724
685893340683829340;;PayPal â€¢ Rewards;1583944260
685958627432857606;;Nitro ğŸ;1597763591;;JOIN FOR JOIN ğŸ­;1598435306
686041569584873503;;5 Invites = 2,500 Robux;1587670127
687049245974331484;;Nitro Wave ğŸŒŠ;1592570576
687767466142859427;;âœ¦ Invitesãƒ»BIG Reward's ğŸ’¼;1584530373
688442380684492854;;CyRewards;1584788755
688726373413552187;;ğŸ”¥ 25 INVITES = NITRO ğŸ”¥;1585507613
688756244789592111;;ğŸ‘½ 10 Ä°NVÄ°TE = NÄ°TRO;1584809413
688854248737472557;;5 Ä°NVÄ°TE = NÄ°TRO;1584788298
688989798504988692;;ğŸš€ 3 Invites = 1 Nitro;1584528791
689122741609431237;;2020â„¢ Rewards 3.2K;1593099509
689258680536924213;;Nitro ğŸŒ™;1586272740
689456662163357815;;ğŸ¬ãƒ»5 Invites = Rewards;1586272114
689755615689572363;;Nitro Rewards ğŸ;1585932578
690250365509435462;;All Giveaways;1585301060
690271962093584677;;GiveawayNiteğŸ‰ğŸ’– | Community;1590089728
691265783824646145;;ğŸš€ 4 Invites = Nitro;1584981473
691292435183304745;;ğŸš€ 3 Invites = 1 Nitro;1585937731
692403890246648038;;ğŸš€ 3 Invites = 1 Nitro;1585296905
692839258968424548;;"NITRO & ROBUX";1585301467
692856931060285500;;ğ–ˆğ–†ğ–—ğ–‘ğ–'ğ–˜ ğ–ˆğ–‘ğ–”ğ–˜ğ–Šğ–™âœ§;1594919938
693038425145737257;;ğŸš€ 3 Invites = 1 Nitro;1586252760
693793462809657444;;ğŸ¬ãƒ»2 Invites = 1 Nitro;1585678115
693809421364494336;;PayPal Rewards;1585942793
693811715460169749;;â‰«â”ƒPaypal Rewards;1586507809
693876071073841264;;Sun Rewards;1594898424
693888552819359754;;Roblox Area ğŸ­;1587061115
693906955382816840;;5 invites = nitro;1594991756
693915615286788137;;Rewardsâ„¢;1585938852
694228751826812938;;2 Invites = 15$ Giftcard;1587059743
694249221108269157;;Nitro Club ğŸš€;1585938656
694436971069833236;;Minecraft Rewards âœ“;1585931745
694517259040980993;;J4J | Offical ğŸš€;1585929916
694893141634973766;;2 Invites = 2 Boost ğŸ’¸;1586507281
694920825022971945;;Nitrossâ„¢;1593699723
694935212248924200;;PayPal Rewards ğŸ’°;1592507705
695016541401645076;;AndrÃ©s Giveaways ğŸ¦„;1586500908
695517220763336845;;J4J | OFFÄ°CÄ°AL ğŸš€;1585934734
695601757853843466;;J4J | Backup ğŸš€;1585943418
695642837299101806;;ğŸ¬ 3 Invites = 1 Nitro;1585926547
695710610284871700;;Free Rewards;1586500559
695772767773261874;;TechFunds Investment;1595408076
695799059440599080;;United Rewards;1586509642
696035006971117651;;4 Invites = 6,500 robux;1586282866
696441956565254165;;5 Invites = Nitro ğŸ­;1586276142
696569483342643272;;5 invites â™• OG Skin;1591370066
696622571998806036;;ğŸ‘¾â€¢ Coins vs Nitro Â©;1597578416
696700418297954314;;ãƒ»ğŸŒ¸ãƒ»4 Invites = Nitro Boost;1587059368
696771306460282891;;ğŸš€ 3 Invites = 1 Nitro;1586264258
696835846086721660;;Paypal Rewards Road To 1K;1587059059
697026038890364928;;Spectrum;1594917094
699061205515632740;;5 Invites = V-BucksğŸ’«;1598359608
699367910413565972;;ğŸš€ 3 Invites = Nitro;1597520607
700323686049120296;;Freshâ„¢ ğŸ”¥;1590086333
700750270996414484;;Join4Join;1590087281;;Giveaway BackUp;1592650517
701158997444788254;;10 Invites = Nitro;1593007422
701347177191964692;;2 Invites = 1500 Robux;1589827662
701445879051190292;;Claim Your Nitro ğŸŒŸ;1595950262
701676631424761927;;5 Invites = Nitro;1594723002
702223239161708614;;Nitro Project;1587670681
702667551699894282;;5 Invites = Rewards ğŸŒ™;1590344936
704031337513746442;;2 invites = 2,500 ğ“¡ğ“ğ“‘ğ“¤ğ“§;1588013614
704245605781733426;;10 invites = Renegade raider gen;1593101081
704363987772637324;;Daily Giveaways | Robux & Nitro #10K;1598639047
705162258795200623;;5 Invites -> Nitro;1591370225
705457904832086126;;ğŸš€â€¢Rewardsâ„¢;1590347692
707004259933093968;;3 invites = 3000 Robux;1591372100
707146807758553098;;Winter MC;1592508071
707373836860916294;;ğ‘«ğ’“ğ’Šğ’›ğ’›ğ’š ğ‘³ğ’ğ’–ğ’ğ’ˆğ’† ğŸ’¸;1590344686
707532239172534322;;5 Invites = 1 Nitro;1591370627
708435544085889305;;5 invites = Nitro Classic | Fenix Community |;1591956754
708632302137114644;;3 Invites = Nitro Classic;1592940434
708886410769334293;;5 Invites = V-BucksğŸ’«;1598359611
709426854720700476;;DarkNight(Rewards,J4J);1593432406
709459531914149889;;NitroHub â€¢ ğŸš€;1591376567
709598496100974673;;âœ¨5 INVITES = 5000 ROBUXâœ¨;1595050791
709606474942382112;;Invite 4 Rewards;1593420221
709911210253877329;;Boost Airport;1598628617
709934567510900827;;10 Invites = Nitro;1590439177
710112525857062953;;ğ˜•ğ˜ğ˜›ğ˜™ğ˜– ğ˜ğ˜œğ˜•  â†¬ ğ™ğ™šğ™¬ğ™–ğ™§ğ™™ğ™¨;1592058139
710207559444856943;;15 INVITES = NITRO;1590435534
710326740731560087;;Best Rewards ğŸ’¸â³;1590344860
710677407148933140;;ğŸ­â”‚Rewardsâ„¢;1590347751
710943516070641795;;5 ğ•´ğ–“ğ–›ğ–ğ–™ğ–Šğ–˜ = 3,500 ğ•½ğ–”ğ–‡ğ–šğ– / ğ–-ğ•­ğ–šğ–ˆğ–ğ–˜;1595050856
711215736932139058;;3 Invites = 2,000 ROBUX;1595050534
711366111618400278;;ğŸš€â€¢NitroRewardsâ„¢;1590347623
711993916844408874;;2 invites = 3,500 Robux ğŸš€;1590088771
712053920549044345;;Warrior's World!;1592572790
712113516810600529;;PayPal Rewards P;1592387552
712349252453400637;;PayPal Rewards;1590439920
712383095726407771;;Rewards;1590343581
712687879197032550;;ğŸš€ãƒ»2 Invite = Nitro;1590436418
712693178247020615;;3 Invites = 1 Nitro ğŸš€;1590088979
712727763928350802;;HyperLand;1596188414
712735514150568087;;PayPal Rewards;1593102082
713535140663656478;;Islands  Hub;1594899017
713716214211543070;;3 Invites = 3,500 Robux;1590350588
713796439129718826;;Infinite Drops;1591369479;;Infinite â˜”;1591371747
713863013463097479;;3 Invites = Minecraft Cape;1590349196
714211052719571004;;6 invites = NITRO & More;1590433202
714533195311349840;;ğŸ­ãƒ»FreeNitroGift;1590434097
714825776574365767;;Paypal Rewards ğŸ’«;1594917308
714947309884014663;;3 invites=renegade;1593699888
715229541081284638;;J-4-J / Invite Rewards;1595407939
715517898881499198;;Yams Giveaways ğŸ¥³;1598515837
715926401500315718;;Robux;1591377551
715976589745193011;;5 Invites = V-Bucks;1591371633
716757777346855012;;3 Invites = Nitro;1594990751
717024185217581166;;Free Nitro;1593093371
717340049846567012;;Nitro Drops;1592509302
717449634892611626;;LÃ©gitGang;1594669936
717670618782236732;;Free Giveaways;1593008397
717752636765372477;;5 Invites = Nitro âœ”;1593089459
717972109757775902;;Stef's Gen/Invite Rewards;1592056964
718146286771109959;;5 Invites = V-Bucks;1592389359
718164884851785778;;Giveaway Night;1594994006
718339913900359771;;Celestial ğŸ’«âœ¨;1593699422
718374182852886549;;3 invites = 4000 Robux;1592032014
718441364848771222;;3 Invite=Nitro ğŸš€Â©||LEGIT REWARD;1592388703
718531526328975400;;Free Nitro Kingdom #2.5K;1593023952
719543951991767110;;5 Invites = Classic Nitro!;1591952889
719676829039984752;;Benco | Rewards;1593701177
720263103039668285;;RBXRed;1592571672
720263547535491096;;ğŸ’–| â„•ğ•€ğ•‹â„ğ•† ğ“¡ğ“”ğ“¦ğ“ğ“¡ğ““ğ“¢ | ğŸŒŸ;1593100473
720371905743552612;;5 Invites = V-Bucks ğŸŒµ;1591952521
720374512515940473;;3 Invites = V-Bucks ğŸ’«;1592032620
720453018457473034;;3 Invites = V-Bucks ğŸ’«;1592029281
720581273940394015;;ğŸ’° | Free Robux;1594996222
720725881894731916;;Mexi Rewards;1592852747
720888151110975498;;5 inv = 50 ROBUX;1593698060
720907853472464928;;3 invites = V-Bucks;1592032108
721105173103247361;;Nitro Reward | no req giveaways;1593698992
721299172086775839;;Robux & Nitro Rewardsâ„¢;1593003662
721352400547479583;;Â·| Nitro Club |Â·;1592382733
721408221939630150;;ğŸ’°Free Robux InvitesğŸ’°;1595084636
721486979744792646;;Coins For Rewards;1593088683
721527148048810025;;2 invites = 1,000 Robux;1593165494
721618092702040065;;Giveaway Park;1592373215
721727019464786010;;9 Invites = Nitro Booster;1593165434
721735097413271632;;ğŸ”‘ãƒ» ONLY REWARDS;1593010122
721828462960181368;;ğŸ’¸ ãƒ»2 INVITES = 3,500 ROBUX;1593010023
721834101019115620;;Free Robux;1595084611
722075945997172777;;Paypal Rewards;1593419636
722144042263248906;;5 INVITE = NITRO ğŸ;1593089767
722203140463788125;;5 invites = 1,000 robux;1593091059
722224675052322887;;Giveaway Hub;1593433765
722267727187804190;;5 invite= KARDZ;1592389140
722366038204874783;;! Free Prizes !;1594896797
722579524541481031;;The Rewards Hive;1594893022
722932375713087488;;ğ‘±ğ‘¶ğ‘°ğ‘µ ğ‘­ğ‘¶ğ‘¹ ğ‘±ğ‘¶ğ‘°ğ‘µ ğŸ¦„;1593421147
723004454353502249;;$$$ GIVEAWAYS Oprah's Lounge ğŸ’ğŸ’;1594666587
723283917943078943;;5 Invites = Robux/Nitro;1595050731
723322525903487067;;PayPal Rewards â„¢;1593422096
723552578524413981;;Roblox Giveaways!;1595084697
723656211899220035;;ğŸ | Springs Rewards | 1.4K;1594895308
723795391086329918;;3 Invites = 1 Nitro ğŸš€;1593091246
723898512210788403;;Rewarders;1593091378
723983216284926002;;3 Invites â€¢ Nitro ğŸª;1593005671
724032282125402294;;Alphastar rewards;1593762545
724262848339116035;;2 invites = 3,500 Robux;1593091448
724458676144046151;;ğŸ”´ ãƒ»2 INVITES = 4,500 ROBUX;1593010069
724489477434769428;;PayPal Rewards;1593090952
724682516962738236;;SkeleRBX;1593433309
724689416240496641;;invites=paypal;1593091492
724730758605832223;;Join For Join  ğŸŒ™ #0.5k;1593163528
724902499831775312;;ğŸš€ Nitro Giveaways;1593165102
724949600846217238;;Giveway;1593022801
724952027117125662;;5 Invites = 3,500 Robux / V-Bucks;1595001940
724992673903018065;;3 Invites = Nitro;1593091584
725078107949629573;;Minecraft Community Lounge;1597433970
725089588716240987;;2 Invites = 2500 Robux;1593425210
725350968568446976;;10 Invites ãƒ»Nitro;1595050609
725381671716913304;;2 invites = Alphastar;1593192211;;Moon Reward;1594740680
725726336710082581;;â„ãƒ»ğ™‰ğ™ğ™©ğ™§ğ™¤ ğ™„ğ™¨ğ™¡ğ™–ğ™£ğ™™;1593762710
725811061856665622;;5 Inv = Nitro Classic . ğŸ;1593167407
725922461429923870;;Motion's Cave;1593003787
726031850425810946;;ãƒ»3 Invites = 1 Nitro ğŸ;1593407772
726072748249710654;;Shine MC;1597501615
726078936311922810;;ğ‘«ğ’‚ğ’—ğ’†ğ’• ğ‘¬ğ’• ğ‘²ğ’‚ğ’›ğ’‚ğ’ ğŸ’¸ğŸ’¸ #6.8K;1594990696
726133349697191998;;1 Invite = AlphaStar;1593701593
726313455216230431;;Pulsar Official;1595408652
726485784554897469;;3 invites = 1,500 Robux;1594720222
726712628834992170;;ğğ¢ğ­ğ«ğ¨ğ¬ | ğ‚ğšğŸğ;1600523364
726734077398482964;;AlphastarMC | Rewards;1593846305
726918008294867046;;Join = 500 robux;1593431940
727117202175557702;;Euphoric Adventures;1595002509
727150264234278942;;PayPal Rewards;1593700275
727221871916875876;;3 Invite â€¢ 1 Nitro ğŸ”®;1593846905
727241487494152192;;EeveeGen;1595773343
727250829144359022;;â­ãƒ»NITRO REWARDS;1593700583
727259821488734229;;Ceramic Central ğŸ¯ğŸŒ»;1595410451
727682968897847306;;5 Invites = Discord Nitro;1594991221
727911254026354729;;5 Invites = Black Knight;1594727042
727966250285662269;;5 Ä°nvites Nitro â€¢ 3K;1597580023
728233357070172301;;ğŸ’¸ Invite Rewards ğŸ’¸;1594996172
729174356822982776;;ğŸš€member+coins;1594915785
729397990137135166;;ğŸ¤‘ PAYPAL AND NITRO REWARDS ğŸ¤‘;1595084727
729442361826082927;;ğŸ’ ğƒğ¢ğšğ¦ğ¨ğ§ğğ¬ ğŸ’;1594916056
729665029078777866;;ğŸ’œ | 5 inv = nitro;1595409969
729667468838305862;;Giveaways & Nitro Events!!!;1594915895;;Free accounts 0,2k;1594990819
730004242386911254;;ğ•¯ğ–†ğ–—ğ–‘ğ–ğ–“ğ–Œ Rewards ğŸ;1594991082
730108551095386275;;Take Your Nitroâ„¢;1594994522
730269697819279441;;Daily Coin Giveaway;1594894187
730394731632394261;;âœ¨Nitro Factoryâœ¨;1595084673
730437278840914078;;NITRO REWARDS;1595408137
730712897998684211;;Cookie | MC;1595410282
731049092226220073;;7 Invites = Nitro;1595084585
731165544346288189;;ğŸ”˜ 5 Invites = Generateur ğŸ”˜;1595407792
731184929169342514;;15 INVITES = 10$ PAYPAL;1594895785
731273858337996850;;Free Exclusive Bhangra Boogie Emote (OnePlus);1594667311
731419148873367572;;3 Invites = 3,500 Robux;1594994533
731447924281704538;;3 Invites = Nitro ğŸ¥¶;1595001332
731511706316046429;;NITRO FOR FREE;1594915821
731654970381828099;;ğŸ’° Invite 4 Nitro ğŸ’°;1594994183
731971858743951451;;NitroCord;1595070573
732022476082642975;;ğŸš€ Free Boost | Boost Hub;1594719561
732100281147457618;;Nitro Hubâ„¢ğŸ’¯;1595058101
732267257140477962;;3 Invites = 1 Nitro ğŸ’¸;1594663352
732273994471964773;;Robux Rewards;1594893928
732513417365028904;;FREE NITRO ğŸ;1594741418
732522731894997095;;EarthMC;1595063500
732677567089475644;;3 invites = Nitro/Robux;1595407877
732974513913856140;;Discord Event;1595064812
733022189413990493;;ğ•¯ğ–†ğ–—ğ–‘ğ–ğ–“ğ–Œ ğ•ºğ–™ğ–†ğ–ğ–š || ãƒ€ãƒ¼ãƒªãƒ³ã‚ªã‚¿ã‚¯ / rewards;1594990954
733076710727221368;;REWARD CENTRAL;1595950509
733367125585952879;;2 invites = 3,500 Robux;1594994737
733556500584333322;;Discord Game Heaven;1596023848
734366967829626901;;ğŸ›’ Technix Rewards;1595950896
734557780924694660;;Summer Eventâ„¢;1595354562
734805222479888476;;ğŸ Free Nitro;1597576916
735907192217141329;;ğŸš€3Invites = NitroğŸš€;1597689991
736166173749674004;;Palace;1597846267
736435203492413541;;2 INVITES = NITRO;1595950156
736722368751337504;;Oxygen;1597695966
736958468514250812;;Gift Nitro | 0.2k;1598107635
737513287536738354;;Free Rewardsâ„¢;1595950194
737748538531774595;;nitro giveawayğŸŒ´;1599419005
737774374333186213;;Giveaways;1597406358
738887434451943456;;NItro Land;1599219129
738894315585273876;;Discord Nitro Giveaways;1597649488
739486190654193674;;ğŸ’¸ Invite Rewards ğŸ’¸;1597521383
740325331638157422;;5 Invites = V-BucksğŸ’«;1598359614
740699288660607068;;Free Nitro Gifts Â©;1597416597
740848414539120640;;3 Inv = 1k Robux or 1x Nitro;1597569576
741316066453618739;;3 Invite = Nitro ğŸš€;1597406767
741342767015395418;;Paypal Payouts;1597568087
741737247140741181;;Few Invites Rewards;1597748526
741741146719387718;;5 Invites = V-BucksğŸ€;1598359612
742152279871848569;;5 Invites = Fortnite Rewards;1597649137
742374585533464598;;3 invites = NITRO;1597521853
742375417842892841;;5 Invites = 200 Robux;1597568178
742409592063000696;;Robux & Nitro Rewards;1597405901
742750517767438377;;5 INVITES = 3$ PAYPAL;1597772630
742957046432792639;;5 Invites = V-BucksğŸ’«;1598359610
743032256020480150;;2 Invites = 1 Nitro ğŸ;1597561069
743199300900749404;;BOOSTS REWARDS;1597518680
743422260622131281;;5 Invites = Nitro;1597576318
743536083941326978;;Free Nitro  ğŸŒ™;1597414771
743879031149297766;;â­ | Escape Nitro;1597649490
743929274800668875;;10 Invites = 1 Nitro ğŸš€;1601572088
743979513058164807;;5 ğ™„ğ™£ğ™«ğ™ğ™©ğ™šğ™¨ = ğ™‰ğ™ğ™©ğ™§ğ™¤;1597573931
744230501468078111;;Nitro Official ğŸŒ™;1597737990
744354379057856512;;5 Invites = NitroğŸ;1597576247
744431048305147994;;4 Invites = Nitro ğŸ;1600523137
745203765946089553;;2 Invites = 1 Nitro ğŸ;1598369757
745334786247360543;;RBLX Rewardsâ„¢;1597775720
746349790807195648;;3 Invites = Free Nitro;1598170340
747865462712303877;;Robloxian Traders;1599419445
748243422300864553;;Free Nitro & Robux;1598600090
748958209049624713;;Invite for Boosts;1598644349
749291938481569923;;Discord Nitro;1599219130
749990097553719437;;Shine | MC;1601138864
751348926858133535;;Mars;1602181159
751420902515671163;;3 Invites â€¢ Nitro;1599233746
752948908153503896;;ğŸ‰Robux Nitro server ğŸ‰;1600522920
754271192835162216;;ğŸ’°5 Invites = 1,000 ROBUX!ğŸ’°;1600978026
754666638606860299;;Nitro Gang;1600524144
754668567873454151;;ğŸ‰Nitro Store ğŸ‰;1600525625
754744888419024977;;REBEX;1600978717
758034574033944737;;ğŸš€ 5 Invites = Discord Nitro;1603887609
758438514496503889;;ğŸ’«ãƒ»Space Central;1601572706
758456491069014016;;ğŸãƒ»Invite And Earn;1601573182
760482755896279110;;4 Invite = Nitro ğŸš€;1602181379
761010859552014346;;Robux Rewards;1601652599
761718047769624616;;ğŸ’3 Invites = Boost NitroğŸ’;1602179409
762006867240812594;;Eternal Giveaways;1602180068
762941578385162241;;3 Invites = 1 Nitro ğŸš€;1602435998
763334188446908446;;ğŸ­â”ƒNitro Palace;1602181048
763784623766372362;;Marbella ğŸŒŸ;1602180664
764284752340844564;;Nitro Rewards | #vouches | #1.8k;1602527192
790555739554447370;;Popular Giveaways;1610123559
