152246258055118848;;Ellycust ğŸ‘½#1337;1586507395;;Emirhan Bodur#1337;1597505906;;Emirhan Bodur#3337;1603912644;;Emirhan Bodur#0701;1610122689
167328242888474625;;! xaxaxa#6669;1593100110;;calli ğŸ’˜#6669;1597505906;;snap my choker ğŸ–¤#6669;1597562948;;Zoey? ğŸ¤·#6669;1598370051;;NOCLIPS ğŸ‘¸#8200;1600456343;;lisa is queeeenğŸ‘¸ğŸ‘‘#8200;1601122923;;lisa is queeeenğŸ‘¸ğŸ‘‘#1212;1603473770;;speechless at sunset ğŸ¥µ#1109;1610122689
169436173968605184;;2JZ GTE#0011;1583252290;;2JZ GTE#4826;1597505907;;á²¼á²¼á²¼á²¼á²¼#4826;1610122690
182759780496965632;;harryS#6355;1593007645
185286302080434177;;ram.#0511;1593007515
197342812839084032;;Ceramic#0001;1595410493
229697153046544385;;Rylan#1188;1590345063
234389177410650112;;Qrow#3914;1599320782;;Qrow#7606;1600456345;;Xi Jinping#7606;1603473772;;Qrow#7606;1603912646
239796794156908546;;SkeletorAngel#0001;1592507407;;SkeletorAngel#2021;1598370053
245740935063797761;;Mxrtalz#1053;1592034402;;mxrtalz#1053;1598370053;;4mar#1053;1603473772;;mar.#1053;1610122692
246368987321991168;;Admin#9999;1596188503
254783436307431424;;Avery#0003;1594921285;;Avery#7480;1598370054;;Sie#7480;1600456346;;Billieeilish#0001;1603473773;;Sie#1372;1610122692
260541836613910529;;anto#6666;1595408717
264058261538340864;;dyn#0001;1593699512;;dyn#6370;1598370054;;dyn#0001;1601122926;;dyn#8920;1610122693
264084299224055809;;Jugg#0001;1586448817
269563427779772416;;9ICE nà¸ªà¹‡à¹‡à¹‡omy#0001;1585937845
273182958263992321;;Peachez#0023;1597576155;;Peachez#5579;1600456347;;Peachez#0023;1601122927;;Peachez#0001;1603473774
273811986737790976;;;))#3630;1586253012
278626891366400021;;bored#9999;1592058535;;bored#0142;1597505910
279773016416714752;;3n9k#0001;1579892210
281373771133091841;;BIGSCOTT#5616;1591370862;;InactiveUser#6969;1597505910;;InactiveUser#8029;1598370056;;BIGSCOTT#8029;1603912650
281809499742928906;;Cyber#5685;1591532781;;Cyber#6019;1610122695
281941937768890369;;Yam#0001;1598515874
286532533771042816;;juicyboi0193#4943;1597521450
289100785730453504;;VolitantStix#0001;1592032095
290274026738286593;;Mexi#0001;1592852834;;Steel#7777;1597505911;;Steel#7721;1600456349;;Steel#7777;1601122929;;Steel#8657;1603912651
290323277111492618;;! YoutubeNaroğŸ­#0666;1586245334
295148899314827268;;Thief#0906;1592507376
295367604556660756;;Mutual#0001;1594722874;;MrBeast#0001;1610122696
301083993049399309;;! Grace#9730;1591370853;;! Carry#8045;1597505912;;!    Carry#9730;1598370058;;! Carry#6641;1600456350;;! Carry#9730;1603473777;;GraceCarry#9730;1610122697
303458896369156097;;PÌ¶Ì’Ì†AÌµÌ„ÌXÌ·Ì€Í‚LÌµÍ†ÍOÌ·Í€Ì›IÌ·Í›Í’TÌµÍ„ÌSÌ¶ÍÍ‡#5426;1581011538;;Tomato.xyz#5426;1597505913
305049922871492610;;TotallyKai#1655;1592510153
305073777035968523;;NotAnArtisticDoodler#7241;1594898731
306879566855536640;;EaZea#6969;1593089499;;EaZea#8062;1597505913;;EaZea2#8062;1610122722
308784697973145601;;Its me Rdm#9999;1585466880
311403728982900737;;TOMdw#9751;1591370831;;0Zero#9751;1598370083;;0Zero#0069;1610122722
312242324803420160;;"umutx$ad?#1337;1586507338;;0so#0030;1597506028
312973712204890113;;Motion#9999;1593003876;;Motion#9356;1597562980;;Motion#9999;1598370083
315132342542794763;;! à¹–Û£Ûœá´ºáµ’á´¹áµ‰Ê³á¶œÊ¸ğŸ’”áŸšà¼€#2981;1581011562;;! NoMercy#1661;1597506029;;Snkiky#1661;1610122723
315778807728439297;;Micke#9999;1594662975;;å†¬ Micke å†¬#1000;1597506029;;å†¬ Micke å†¬#4427;1600456376;;ban hammer for micke#4427;1603473803;;Dario#8525;1603912678;;devilness#8525;1610122723
316822270825857034;;!                           Cabo#1111;1598628668;;!                           Cabo#9999;1600456376;;!                           Cabo#8179;1610122723
317759378675728385;;HunterDK#9312;1585941685;;HunterDK#3505;1603473804;;HunterDK#9312;1610122724
326399195638661121;;prime#2020;1584809413
327420380723806208;;Rachel ^^#1179;1595407880
328965000028880907;;"â˜¬ æ¯€ | ğ’€ğ’‚ğ’”ğ’”ğ’–ğ’ â€ #9999;1587670767;;Yass'#9999;1597506030;;Yvss' âŠ•#9999;1597562982;;! Yvss'#9999;1598696167;;Yass'#6666;1600456377;;>Yass'#6666;1601122958;;Yass'#6666;1603473805;;Kazato#6666;1603912679;;Yass.NLH#9999;1610122724
330092343992647712;;Supremacy#9999;1591524890;;Joell#1444;1600456378;;Supremacy#9999;1601122958;;.......,#9999;1603473805;;Supremacy#9999;1603912679;;Supremacy#8389;1610122725
332592901718802446;;Frade#0001;1585932333
333507496524382210;;ahmdd#0216;1594741509;;Ahmed#0006;1597506031
333815751658176512;;Clyde#1249;1590089375
337546360612061186;;666soup#2137;1594895788;;sagely#0666;1597506031;;sagely#7891;1600456379
338724630854500352;;StarkRektYou#1234;1593699498;;Starkyy#1234;1598696169;;Starkyy#5963;1610122726
340090226452070400;;HandRobuxs#0907;1592571729;;HandRobuxs#1111;1597506032;;HandRobuxs#5315;1600456379
340570558766776325;;Ribal#9999;1592057298
340972715978784770;;" PÎ±râ€ y#3112;1610123602
342482994734563338;;symereFx#0001;1593101112;;wee#7656;1597506033
351004586586275842;;JustğŸŒ™#0666;1585928626
352383657702588416;;! RÃ¸wy#0005;1597406825;;!                           RÃ¸wy#0005;1597506033;;!                         RÃ¸wyA5#2011;1597562984;;!                           RÃ¸wy#0005;1598370088;;!                          RÃ¸wyâŒ…#2414;1601122960;;!                           RÃ¸wy#2414;1603473808
353660887741104128;;Baracuda#2447;1595409702
354721112816615425;;StrongAlts#1111;1592034615;;I've left discord cya!#3994;1597506034
358656747767988225;;! neeX ğŸ¥€#9999;1585927470;;h.#0777;1597506034;;h. "off for some days"#0777;1597562985;;Sweeter than candy , Hell.#7777;1598370088;;UwU.#0061;1600456381;;Solar Moon.#0061;1601122961;;off#0061;1603473808;;Ø®ÙØ·ÙˆØ§Øª.#0061;1603912683;;Aggressive.#2625;1610122728
361225531921924107;;zJqran#0001;1594994098;;zJqran#9999;1600456381;;! zJqran#9999;1601122961;;! zJqran#0001;1603473809
361632963101851660;;! Pure#1778;1579802228;;Pure#1778;1597506034
369124850213847041;;Medacek#5681;1579895120;;Medacek#7738;1597506035;;Medacek#6969;1603473832;;Medacek#7836;1610122752
371036810341777408;;itsmeitzderas#2005;1594893987;;itsmeitzderas#2000;1598696196;;itsmeitzderas#0061;1600456405;;$itsmeitzderas#2005;1610122752
371657207198253059;;Phineas#1820;1594917311
371663431872282626;;StateFarm#3648;1592034388;;BetterThanYouHAHA#3648;1597506035;;â™¡CxrruptDreamâ™¡#1548;1600456406;;â™¡CxrruptDreamâ™¡#7076;1603473833
374118802222350338;;Greg Hammond#1635;1582446381;;csgod#1635;1597506059
375616448380534785;;Racks#0001;1598703106;;Racks#1100;1601122987
377147673813450753;;Vexy#9999;1594667382
378955702598631444;;Carder007#0007;1590345038
383764436235845634;;Cloudy#1111;1593433808
386592198877249536;;Rip#0002;1592385223;;rip#0001;1597506060
387042696167948295;;naro#1337;1593425214;;naro#0001;1597506060;;naro#0007;1600456408;;naro#0001;1601122988;;Stable Naro#0001;1610122755
387667469986299914;;Kyzak#0001;1591377682;;Kyzak#9295;1598370116
389045085322477579;;Mexz#7298;1583943784;;Mexz#8732;1610122755
389248886805364736;;Jasper.#0001;1594921340
391536969114714113;;Seanio#9976;1594996175
392040918229843979;;" XaRz [á´…á´€Ê€á´‹]#0666;1610123860
392379739513290752;;Maya#1285;1586502734
393144079703343104;;Ediciust ğŸ‘½#0555;1593167412;;4z#0004;1597506062;;k4z#0004;1598696199;;AliBuba#0666;1601122990;;kaz#1011;1603473836;;mongraal#3232;1603912711;;sa9#0666;1610122756
393406518722297857;;Kroberto#6666;1591956823;;Kroberto#7699;1597506062;;Kroberto#1234;1610122757
393793408310968320;;land.#0001;1595951443;;! land.#0001;1597506063;;! land.#1822;1600456410;;! land.#0001;1601122990;;! land.#4523;1610122757
395074720753647628;;Unitalize â˜½#4200;1593098524;;Unitalize âˆ#6191;1597506063;;Unitalize â‹†#6191;1600456410;;God â‹†#6191;1601122990;;Hash â‹†#6191;1603473837
395385897664643072;;AJackson#0001;1592387583;;AJackson#4089;1597506063
395590182134611969;;! TH#1451;1597417575;;Th#1451;1598370118;;Ex-TH#1451;1598696200;;ğŸ‘¾ğŸ‘¾ğŸ‘¾#1451;1600456410;;& TH#1451;1601122991
395735161083527168;;$TAR JU$T#0001;1586272463;;"Ju$t#0666;1597506064;;"Ju$t.#0666;1610122758
397895566161346571;;Benoone Fun#6174;1594921296
399403881605365760;;Sie#0001;1594921142
399669632958464000;;chieoncrxck#3752;1594896800
403269102699020289;;Brady (BIRTHDAY!!!!!)#5518;1592507415;;Brady#7991;1597506065;;Brady âš¡120âš¡#7991;1597563016;;Brady#7991;1598370120;;U_npluggedDev#0001;1601122992;;TwitchKoodsu#0001;1610122759
403636094710579210;;! Ln Drama#8483;1590343736
403685169405624330;;Jeremiah#4950;1587059059;;!  Jeremiah#1821;1597506065;;Tina.#1821;1610122759
405816360946630656;;Photo#7777;1597572632;;Photo#0001;1600456436;;Photo#9246;1610122784
407207520923287573;;Blueberry#4942;1593701638;;Bà¹„ueberry#6969;1597506066;;Bà¹„ueberry#2083;1598370121;;Blueberry#9927;1600456436;;Blueberry#5271;1603473863;;Retro Dude#5271;1610122784
407327565850738718;;Trexy#0001;1594739742;;Tracy#1337;1597506066;;Hazreti Yasuo#0001;1597563017;;Masher#0001;1598370121;;Masher áµƒá¶°áµˆ#0001;1600456436
409823410106138634;;Exo Power#7866;1593102085;;Chasay E#7866;1597506066;;Stroke#7866;1600456436
410142642752716821;;Aybars#6923;1595407942
414411035559329793;;Ellycust ğŸ‘½#0666;1593407776;;Ashley ğŸ­#0669;1597506067;;Ashley ğŸ­#0666;1601123018;;Ashley ğŸ­#9160;1610122785
417822964528971784;;J. Newman#3684;1595408079
420300966907084802;;SpoodTheDev#6969;1579893832
422741390636744704;;Madara uchiha#1309;1593699953;;Tommyboy06#1309;1597506090
423913363962331146;;"Roxi.#2002;1594663414
424291404454297611;;Edison#1532;1594921306
424349318590234634;;ğ™ğ™®ğ™£#0003;1590436968;;Tokyo#9999;1597506091
426045025722433536;;eRR#0006;1593005721;;eRR#1486;1597506091
426492528351641600;;saweetie#3777;1594921332;;`saweetie#2000;1597506092;;saweetie#2000;1598370148;;saweetie#9174;1600456439;;saweetie#2000;1603473867;;dreamy#2021;1610122787
428763222494019586;;Swift.#0001;1593420290;;NeKo#0001;1597506092;;shion#0001;1610122787
429312248935219202;;GuardAttack#0004;1592509459;;808#0004;1610122787
431238521026510849;;Rovsahâš¡#8148;1592570636
431271798555017216;;Caustic#9999;1596188514;;aura#8888;1603473868;;zen#1234;1610122788
432185415420739585;;alecks#0666;1585301467;;Alex*#0069;1597506093;;alecks#1000;1598370149;;aIex!#1000;1603912742;;alecks#1000;1610122788
433996216213307392;;Waterytv#0023;1593421663
434370099282051073;;adyas#2815;1580930085
437215680610304010;;qRow#1337;1598696289;;qRow#0010;1600456441
438705896931983371;;rock#7141;1610123776
446959324217081856;;Racks#0001;1592508161;;Racks#2812;1597506094
448106940170764288;;SuffocatedApple#6969;1594666152;;PixelDart#9999;1597506094;;PixelDart#7163;1600456442;;PixelDart#9999;1603473869
449861230786510848;;DARKLORD GAMING#2930;1585932902;;DARKLORDGAMING#2930;1597506094;;DARKLORD GAMING#2930;1610122790
450981130305536032;;! Soxe ğŸŒ™#0666;1586274326;;GyazoX#7961;1597506095
451164940632457226;;vĞ¡lĞ¾ut#0001;1591370119;;vClout#0001;1597506095;;vClout#2261;1597563046;;Zakria#2261;1610122790
453167713939095553;;RichardLOL#8542;1591370695
453782984127152149;;Jeo âœ#0006;1593846963
455929980665462785;;Zeke#0865;1597568088;;Serp#0865;1610122791
460075273929359370;;IzPrincipa#1970;1594719047;;IzPrincipa á´°áµ á¶ áµ’Ê³ á´¬áµˆË¢#1970;1598370152;;IzPrincipa á´°áµ á¶ áµ’Ê³ á´¬áµˆË¢#0055;1603473894;;IzPrincipa á´°áµ á¶ áµ’Ê³ á´¬áµˆË¢#1970;1610122815
461848092023586816;;im a puppy#0001;1594719136
462938031725215746;;GOKU#9999;1585507686;;! Ninjaâ„¢#9587;1597506096
463370167255302144;;Melissa#8171;1579893789
464318776167628810;;Theblockbuster1#0001;1589828855;;Theblockbuster1#2267;1597506097;;Theblockbuster1#0001;1610122816
464854957997424660;;MadnesS#0009;1597576178;;MadnesS#0741;1598370177;;MadnesS#1212;1600456469;;MadnesS#0888;1610122816
466587751765114880;;! TQâ„¢#0666;1593699769;;SY  |Elite#4368;1597506097;;Elite#4368;1597506889;;TQ#4368;1597563048;;.c#4368;1598370177;;Elite#4368;1598696258;;! Ã‰lite#0001;1603473896
467754476871090186;;Not Astra#1142;1598639103;;ItzFrusty#1142;1598696258;;!                         D#1142;1600456470
468290451976486912;;' â˜† RÃ¸hÃ®t â€ #6641;1595950232
469855553007517706;;! NitroGodğŸŒ™#5449;1585932578
472042170598293512;;Fvne#6666;1585939680;;! Fune#5994;1597506098;;Fune#5994;1603473897
474018472393834496;;! Maverick#1249;1590089266
474884304363847705;;RÃ©a ğŸ‘½#0666;1586264108
476781881833160706;;Dejwit#1024;1594994376;;Dejwit#7408;1598370178;;Dejwit#0133;1600456471;;Dejwit#0733;1603473898
477548947318112260;;Justin..#0001;1591369589;;J ğŸ‡¬ğŸ‡§#0001;1591956456;;J ğŸ‡¬ğŸ‡§#6088;1597506122
478818545116119040;;âš”ğºğ‘–ğ‘¢ğ‘™ğ‘¦âš”#0001;1587670438;;quitdiscord#7598;1597506122;;giuly#2698;1600456472
480090986232676364;;! Dervi ğŸª#9999;1592047838;;! Dervi ğŸª#4999;1597506122
481470551932534807;;Stef Pro Gaming#0001;1592057062;;Stef Pro Gaming#0842;1597506123;;SGProductions#0842;1600456472;;Steven Explains#0842;1610122819
481598833197842432;;ğ˜™ğ˜ºğ˜¢ğ˜¯#6969;1594723059
482935367843184650;;KING UNICO#0666;1581591903
486200986273185822;;pog#0005;1594899128;;pog#6410;1597507795;;pog#0003;1598370180;;pog#0005;1600456473;;pog#6941;1601123053;;chicken connoisseur#6941;1610122820
486880380113256466;;$JACKğŸ‡²ğŸ‡¦#6047;1581596603;;$JACK#6047;1597506124;;â‚ƒ â‚â‚˜ áµ¥áµ¢Bâ‚‘â‚›#6047;1600456473;;$JACK#6047;1601123053
488334773110964234;;BlitZğŸŒ™#1111;1594915897;;fear#1111;1597506124
488483088846946304;;AX10#9999;1592389411;;AX10#1971;1597506124
489216125243097090;;Kennedy#2157;1581008877;;swipernoswiping#2157;1597506125;;kenneth#7948;1603473900
489247070427938816;;REDĞ¯UM#9999;1585925942
490579322932035613;;Frozen Watermelon#0001;1582278581;;Frozen Watermelon#5568;1610122821
491964532319584275;;Nezuko-Chan#8497;1593700384;;ZUES | DarlingStuff#8497;1597506125;;DarlingStuff#8497;1600456475;;Kami#7326;1603473901;;Tempest#0002;1610122822
492406284780437504;;ÃÃªÅ¡thÉ™x ğŸ­#2020;1581009219;;BÄ±raktÄ±m#3158;1597506126;;Berk#7614;1610122822
493491788489687042;;PepperJack#5759;1592034366
495660146752618516;;qRow#6666;1599320811;;qrew#6666;1600456499
499228583580139520;;6nuz Î¨#0001;1592034376;;Snyro#0001;1597506126;;Snyro#8126;1598696264
499350077299621898;;bitch#0420;1593433814;;bitch#5245;1598370183;;bitch#0420;1598696264
503180315318288394;;BLUD#1127;1586505110;;FULLSEND#1127;1597506127;;XFANG#1127;1597563078;;JABAWAKIX#1127;1598370183;;XECTUTER#9999;1600456500;;ğ—¦ğ—”ğ— #9999;1601123079;;SPEARF#9999;1603473926
504464939939790848;;BlueCaptainPR#7296;1581017623
504646334293344286;;Catalin Official âœ“ï¾‰Ë¡â±áµâ±áµ—#7029;1585931745
507254484267827212;;à­ªAli  But Sad#0438;1598639136;;'zÑ‚Ğ½ÎµÊŸÄ±ÏƒĞ¿á´°áµ á¶ áµ’Ê³ á´¬áµˆË¢#0001;1600456501;;RÃ©spÃ©câ€ #0001;1610122848
507951002658537482;;Bacon#5420;1579802363
509951385417154560;;????????#7077;1590433266
510478334908694538;;peto pelinatti#2355;1584110353
513267660222496779;;à¹–Ì¶Ì¶Ì¶Î¶ÍœÍ¡Ì¶Ità¸£ğ„É¡ğ˜¼É³ğ˜¼âœ˜à¿#1234;1602181250;;! "Eganax But Delete#1234;1603473928
514251596431884298;;Elijah ğŸ‡#0666;1586272396
515866394122780672;;D86592#5259;1585508063;;D86592#0001;1597506128
517056533406679050;;ğ‚ğ«ğ²ğ©ğ­ğ¢ğ—#2020;1580930528;;CryptiX#2020;1597506129;;CryptiX#2021;1610122849
518368406781820941;;NEODY60MIUM#1234;1592502009;;NEODY60MIUM#7179;1597506152;;NEODY60MIUMğŸƒğŸ‘»ğŸ’€#7179;1603473929
520413108921958410;;alyson#4850;1594666734
521301275581874216;;.CubePortal.#9999;1593846363;;_Unforgotten ãƒ ãƒƒ#9999;1597506153;;_UnForgotten._.#9999;1598370210;;_UnForgotten_ Â½#9999;1598696291;;_UnForgotten_ Â½#5303;1600456503;;_UnForgotten_ Â½#6969;1601123082;;[ğŸƒ]  _Unforgotten_  [ğŸƒ]#6969;1603473930;;[ğŸƒ]  _Unforgotten_  [ğŸƒ]#8042;1603912804;;_Unforgotten_#5753;1610122850
522000594869944331;;mars#7642;1597488206;;" mars#7642;1598370210;;mars#7642;1598696291
524967366564642827;;SOOTIR Trash Name#2020;1590436954;;PresidenteKan#5213;1597506153;;SOOTIR#9811;1598370211;;SOOTIR#5321;1600456504
528422672275734568;;Giveday004#5876;1594894239
531076819173244941;;Amy.#0069;1597846296;;Max.#0069;1598370211;;max.#0069;1600456504;;max.#0068;1603473931;;wavy#0068;1603912807;;wavy#0001;1610122851
531112426301554688;;Limited ğŸ§ª#1913;1586272114;;Moonlight#3938;1597506154
531204016005185553;;Roseyy#7415;1584108465;;Diamond#7415;1597506154;;Mystical#7415;1610122852
534367197171023909;;V1nKyy#5300;1593165149;;!                      â™ V1RySâ™ #5300;1597506154;;!         ğŸ–¤ itz one ğŸ¤#5300;1600456505;;ItaThi#5300;1610122852
535189791315329034;;Visco#1000;1591524967;;Mazo#0137;1597506155;;Stiffler#0137;1598370212;;Stiffler#0001;1598696293;;Mazo#1000;1603473932;;Mazo#9415;1610122852
535318931460587540;;ğ™‡ğ™šğ™œğ™ğ™© â™›#8233;1583050316;;TurboldğŸ–#1032;1597506155;;TurboldğŸ–#5596;1600456506;;Tur Hub - Roblox#5596;1601123085;;Turbold_YT Gaming#5596;1603473932
535818437650284545;;Storzy#2919;1593164679;;Ğ¼Ğ°Ñ€Ğ¸Ğ½Ğ¾Ğ²Ğ°Ğ½Ğ½Ñ‹Ğµ#9928;1597506155
536266330857537536;;Eclipse#1408;1594921322
536611983404040192;;awyru#0001;1597569616;;awyru#6193;1600456506
538082350454800433;;The Clashers#6666;1584980943;;â˜¨Slavi zle si brata#5673;1597506156;;Slavi zle si brata#5673;1598370213;;Slavi zle si brata#5555;1600456507;;xDojo#0345;1610122854
538108898733981698;;erayco_47#4270;1590439273
539166636410929180;;" ğğŸ’ğ¤ğŸ#0006;1590438439;;" ğğŸ’ğ¤ğŸ#3145;1597506156
539921832833187857;;mr Bony#7706;1594991760;;Lord ğ”¹ğ• ğ•Ÿğ•ª Tenerbris#7706;1603473957;;Lord Bony Tenerbris#7706;1610122877
541630589531324436;;IzPrincipa#1968;1592031986;;IzPrincipa#7516;1597506157
542211533053362177;;Ghost Hunter#0002;1587061165;;Ghost Hunter#1039;1597506157
542754690086207488;;liqÃºÃ¸r#0666;1585929174
543834190542667776;;Syn#5656;1581601229
544909724127330334;;stoqnkata bace#0001;1582226635;;W4RNING#5255;1597506158;;sasho rom#5255;1600456532;;Ch0chKa7aPr0Wee#5255;1610122879
544992582921355274;;Benzx1#3879;1580927416;;Benzx1#0666;1597506158
547792039358627851;;SheHigh#9999;1590086438;;SheHigh#6246;1597506158;;TUTS#6246;1610122879
553319269752897693;;Arouf#0002;1594895337;;Arouf#6794;1597506158;;Thibaud#6794;1603473959;;ArKan#6794;1610122879
558380937809887242;;Tixga#2084;1583055433;;Tixga#9949;1603473959
562011650467561502;;psychox#6969;1584108810
562757908853424128;;z04b#2048;1602179463
564307406788755476;;Clean#7398;1591370912;;Striker#0002;1597506159;;Striker#6280;1600456534;;!Striker#0260;1603473960;;Strikerx#6550;1610122880
564456019762085889;;Free Boost#0001;1586507282;;Charly ğŸˆ#6833;1597506159
567323904843055147;;kingol13#1010;1593700361;;kingol13#9199;1597506160
567906204395765778;;X_SuperGifter_X#2020;1579802316
570688738674343942;;Amal | Leader (NEW) D.M.A#4233;1591955316
570728598202220555;;CEO of Your Data#2372;1594921273;;Cybernetik#3699;1610122882
574007875207430154;;Kaido#6695;1589827763
574859343187410976;;Altitude3k#6379;1592509330;;Altitude#6379;1597506185
576516207893544988;;Alt > wuush#0157;1591955378
577085908168343563;;Daxor#0001;1596188543;;Daxor#3134;1600456536
577988659354271754;;AX10#0001;1598359614;;AX10#4499;1600456536
578225716064419860;;Rain#2779;1591955196
578277341118332928;;SuperJS1#0001;1583252374
579358067276120069;;ï¼¹ï¼¯ï¼³ï¼¯ï¼¹ï¼­ï¼¡ï¼²ï¼©ï¼¯#0671;1593431979;;Im Mario#0671;1597506187
582132428064161793;;Minex#1905;1582278447
584140812686721035;;silly guy#6969;1599233747;;Survvz#6969;1600456538;;Survvz#6203;1603473965
585908510265442327;;danica#0001;1594666746;;danica#0069;1597506187;;danica#1162;1600456538;;danica#9333;1603473987;;danica#6716;1610122909
586876842414309376;;''Sowayy#0006;1585677409;;Floxy#2095;1597506188
588394148659331072;;MonsterKid#0001;1594898484
589223631381463041;;repify#0001;1579895639;;Repify#8019;1597506188;;repify#0001;1600456562
589464223214469151;;Dirkâˆš#3041;1592057776
589592468710752358;;I'm a millionaire#0001;1586507809;;RetiredByPlagueSquad#1561;1597506189
591012981165522945;;angr#0006;1594899108;;angr#3111;1600456563;;angr#0069;1610122910
591959999320948737;;troublemostly#6663;1590428260
593108306139152401;;â¸¸ SÃºpphyâ„¢ï¸ 'Z &â«.#9999;1581010383;;Supphy#0001;1597506190
593167215835086868;;umutxsad#0666;1594719907;;Umutxsadâƒ¤ Tatilde ğŸ¤ª#1337;1597506190
595002206290313219;;"$"#1111;1586272775
597497419097309224;;!                     ğ™‰ğ™„ğ™ğ™ğ™Š ğ™‚ğ™Šğ˜¿ğŸŒ™#9999;1598639163;;!                      6ix9ineğŸŒ™#6969;1600456564;;STÃ˜RM#0001;1601123144;;STORM#0003;1603473990;;STORM#1001;1603912865;;Lakeith#1957;1610122911
598144142177992705;;skiloz#3630;1595950265;;SkiloZ#0404;1597506190;;SkiloZ#0212;1598370271;;SkiloZ'Ğ¯Î˜D#0212;1603473991;;SkiloZ#0212;1603912866
598920304185573379;;ProNoob#0277;1581267349
599330622670110730;;!                          lykia#2016;1597580059;;!                        WÃ¢rsey#2016;1598370271;;!                         Lykia#2016;1598696353;;!                         Lykia#1957;1600456565;;KayZer#8959;1610122912
599337378053881876;;! LÑ”Ã¢der SwÎ±Ã®n#6660;1593163626;;'NosieÅ#1000;1597506191
600325602880520193;;GODdevta gaming#9533;1592503216
600356636330033152;;Veheasu#0001;1591370842
600633653915025408;;! ã€Œğ’ğ”ğ’ğ‡Î›ğğ“â•®á´¼á´¾éğ™”ğ™ä¹‚#2990;1592388754;;!                ã€Œğ’ğ”ğ’ğ‡Î›ğğ“â•®á´¼á´¾éğ™”ğ™ä¹‚#0002;1597506192;;!                ã€Œğ’ğ”ğ’ğ‡Î›ğğ“â•®á´¼á´¾éğ™”ğ™ä¹‚#6666;1610122913
603948445362946084;;0_0#6666;1592509426
606498579938410497;;deepo#0001;1590086713
611681192109932554;;Hardeez#9999;1590086818
612356688376365056;;Dylann#4975;1590436998;;Dylann#0001;1597506215;;Dylann#5576;1598370273;;Dylann#0002;1610122914
612722236239118387;;Warrior#2531;1592572871;;Warrior#6900;1597506215;;Warrior#8821;1600456567
614607891701170206;;Hxrror#0001;1586282483
614825448957804544;;ğ˜¼ğ™¯ğ™©ğ™¨ğ™®. ğ•‚ ğŸ”±#5427;1595407795
617799501226180619;;Ispringrolls#5823;1593762605
618143248027746323;;! Marvin K.#0001;1594994086;;ğ˜‡ğ—²ğ—¹ğ—®ğ˜‡ğ—¸ğ—¼#8042;1597506216;;Marvin K#8042;1598370274
619971762217680908;;Ğ”Ğ°ĞºĞ¸Ğ…Ñ…Ğ°Ğ° ğŸ’¸#1235;1584530373
620896234550460428;;Ride#1234;1583139199
622803255088513044;;Triple#9217;1587671058
623096574620467200;;Divyanshu kingğŸ‘‘#0001;1610123896
624984343479320592;;â€¢ Zerok â€¢ â˜”#6969;1586507833
625103007205425172;;" Flo$er#7897;1586272343;;" Flo$er#0221;1597506218;;" Flo$er#0001;1600456593;;Hazreti Flo$er Han Hazretleri#0001;1603474019;;Floser#0001;1603912894;;Floser#8315;1610122940
625432332299665446;;6okolad á´°áµ á¶ áµ’Ê³ á´¬áµˆË¢#0001;1598369838;;6okolad#5116;1603474019;;6okolad#9999;1610122940
628291346079285270;;$$ " Ï¿mbre.#9999;1587670681
629027873814085653;;DylanLoveHacks#4327;1580926461;;HOaaalll#4327;1597506218
629955393417904158;;! ã€…SpÃªshy Marvellous A5#0005;1597406848;;!          ã€…SpÃªshy Marvellous A5#0005;1597506218;;!           SpÃªshy Marvellous A5#0005;1597508869;;SpÃªshy Marvellous A5#0005;1597563170;;Ceza Speshy Marvellous A5 â­#5005;1598370277;;!         Speshy Marvellous A5 â­#5005;1598696383;;!                       Speshy â­#0005;1600456594;;!                    Speshyá´±á´¸á´¼ à­ª#0005;1601123174;;Speshy#1337;1603474020;;Tac Speshy â‚®#1206;1603912895;;Speshy âœ¯#1996;1610122941
630071260755525657;;winter#6207;1593088752;;timmy#6207;1597506219;;winterloveamphverymuch#6207;1597563170;;winter#6207;1598370277;;timmy#1018;1598696383;;winter#6207;1600456594;;winter#4342;1601123174;;SayN2ToToxicity#7740;1603474020;;WinterAspect#7740;1603912895;;winter#0009;1610122941
631991744526811157;;Frade#8077;1583774835
632226953797304330;;Mudkip!#0001;1595773417;;Eclipse!#0001;1597506219
632836048531095582;;water#7544;1586281579
633046174290411530;;âƒ Kiddu#1826;1597520678
633156322799386625;;CLOUDboy#9896;1593090959;;CLOUDboy#2578;1597506220;;INFINITY#2578;1598370302;;OverGraphs#2578;1603474022;;Aspirin#6969;1610122943
633254717719445514;;heyy#3355;1595084730;;nokia nokia#3355;1598370302;;nokia arabe#3355;1603474022
634845500172140560;;AliBubağŸŒ™#0666;1585677378
636268400934518794;;! "  ğ‘³ğ’–ğ’ƒğ’Šğ’•ğ’. ğŸŒ™ âœª#0001;1597649491;;! "  ğ‘³ğ’–ğ’ƒğ’Šğ’•ğ’. ğŸŒ™ âœª#0011;1598370302;;! "  ğ‘³ğ’–ğ’ƒğ’Šğ’•ğ’. âœª#2198;1600456597;;1768#0003;1601123176;;Nemesis#6908;1603474022;;ÎÎÎœÎSÎ™S#6908;1603912898;;< - Yuko#0001;1610122943
638521285999329313;;Rainbow#3322;1586509642
638827619885907979;;DevPanda#5608;1582277879;;...ğŸŒ™#0507;1597506221
639230503068631070;;ğ“šğ“ªğ“¶ğ“ºğ“¾ğ“²#0002;1592034360;;ğ“šğ“ªğ“¶ğ“ºğ“¾ğ“²#5837;1597506221
641334131560546340;;! Tobi ğŸŒ™#8943;1593093421
642089500616687629;;Raedlu#7269;1594990754
642421004777422850;;! Heaven ğŸŒ™#0666;1585938024;;Glyph#1111;1597506222;;Glyph#0666;1597563197;;!  Glyph#0560;1598370304;;Glyph#0560;1598696386
643041322147774484;;Stars#5682;1586509306
643940178997805125;;hawbz ãƒ„#0001;1582442914
644322408630714388;;Mattery#0099;1593008121
644486492013592586;;'áºğœ¯ â¯â¯ ğ‘´ ğš ğ˜¿ â…… ğš¼ ğŸ–¤#2608;1592388754;;Love Hurts ğŸ–¤l#2608;1592503528;;ğŒá—©ğƒâ““×¥  ğŸ’#2608;1597506246;;( Í¡â™¥Ï‰ Í¡â™¥)#2608;1598370305;;Ajnabi#1236;1598696387;;ğƒğ•’ğƒğ••Æ³.Î›áµ—Ê³ ğŸ’#2608;1600456599;;ğ™ˆ ğ˜¼ ğ˜¿ ğ˜¿ ğ™”   ğŸ»#2608;1601123179;;"Mà½¼Aà½¼Dà½¼Dà½¼Y#2608;1603474025;;ã€Xã€Mà½¼Aà½¼Dà½¼Dà½¼Y#0001;1603912900;;'MÆ›ÆŠÆŠYy â›„#2385;1610122946
644627713528954910;;$nydee#4700;1585932968
644837479786086435;;Toms#9657;1592469340;;blood#9657;1597506246;;sk#6426;1598696388;;sater#6426;1600456600
644852897439547402;;DarkBoy#6666;1582279584
646090589623943179;;DarkFlame#3293;1590428196
646748867831791637;;manias#0001;1583774779;;lyrex ã…¿#6359;1597506247
647064777377447937;;iCaribbeanPilot58#2623;1581017602
647828412848668672;;! ğ… ğ˜€ğ—¼ğ—°ğ—¶ğ—²ğ˜ğ˜†#6598;1592389260;;!  ğ… ğ˜€ğ—¼ğ—°ğ—¶ğ—²ğ˜ğ˜†#6598;1597506248;;!  ğ… ğ˜€ğ—¼ğ—°ğ—¶ğ—²ğ˜ğ˜†#0001;1600456625;;!  ğ… ğ˜€ğ—¼ğ—°ğ—¶ğ—²ğ˜ğ˜†#6193;1603474050
649703170422997023;;! Silin PlayZ#8451;1590346360
649728987123286020;;Frade#0001;1583685606;;! Alina#1370;1597506248
650648512790396928;;BG | BlackGamer#0001;1581010050;;BlackGamerğŸ’¸#7773;1597506249
651099653332533269;;ÏŸKÌ·Î£nzoâ™” ğ‹.ğ.ğ‘.ğƒ#6666;1593419675;;á¶»áµ‰â¿ÏŸKÌ·Î£nzoâ™”#6666;1597506249;;ÏŸKÌ·Î£nzoâ™”á´´á´¸#6666;1598696414;;KÌ·Î£nzoâ™” Ê°áµ‰Ë¡Ë¡#6666;1600456626;;â™”KÌ·Î£nzo MTG#1654;1603474051
651479805107109915;;''Xen ğŸ­#9999;1586500614
651562836543143974;;Don,t cry#0896;1586276040;;! Acika on alt.ğŸ€#5881;1597506249;;Acika btw v2#9999;1600456626;;Eazy 360#9999;1601123205;;"Bands#6791;1603474052
651594132011089921;;AliBubağŸŒ™#1001;1585676662
651775009986969611;;Leszy#4556;1586282691;;B0NNY#3487;1597506250
651797902242480168;;" SUNLLY "#1337;1586510321;;" SUNLLY "#0007;1597506250;;hir0#0333;1597563202;;SUNLLY#0333;1598370333;;SUNLLY#0777;1600456627;;sadsunlly#0777;1610122973
652242871650615315;;ğ”½ğ• ğ•£ğ•¥ğ•Šğ•¥ğ•¦ğ•—ğ•—â¤ï¸ğŸŒ²â¤ï¸#5126;1579802259
652667824321462272;;â€¢ â€¢ â€¢#0007;1585503492
653239956864761885;;GhostHunter#0001;1583685776
654149406831935501;;JustÄ±n#1294;1590089129;;Nexus SS management team#3551;1597506251
654341759119392778;;! Atom#0001;1591369288;;! Atom#0860;1597506251
655511383810506752;;Mr. Dude#0001;1584788755;;Mr. Dude#3179;1595951021;;Mr. Dude#6969;1600456629;;Mr. Dude#5575;1603474054;;IncentiveZ#0001;1610122975
655855903492407301;;Joker6791#3393;1592507747
656200663050747918;;Frxstii#0666;1590511380
656218697853173800;;!                       `Velox.#0999;1586807721
657306968607686661;;Ali HÃ¡wÃ¡ii.#0888;1592385413;;Ali HÃ wÃ ii.#0888;1597506253;;Ali HÃ wÃ ii#0888;1598370336;;Ali HÃ wÃ ii.#0880;1598696417;;Ali Hawaii.#0880;1610122976
657338618259570713;;ğ™‡ğ™ªğ™˜ğ™ğ™›ğ™šğ™§#3697;1590346127
658361775304998953;;Thomas32#2133;1592570879
658411541619540028;;XYZ#0666;1594994117;;stf.#0001;1597506277;;Slushie#2500;1598370336;;âƒâƒ#1337;1598696418;;Purge#3316;1600456630;;dave.#9999;1601123209
658513249586774016;;!weirdboy#0069;1581592449
659079014123569172;;bricktimes#5551;1595408140
659115602991906817;;" 2020#7099;1579886930
659125107460931606;;Boost God.#0001;1598644396
660096005793906700;;LeviÙ´#0001;1595410321;;Levi | 7vN#0001;1597506278
660689727325732864;;AX10#6969;1595354643
661273592054546445;;CxrelessğŸŒ™#9999;1590348075;;fulksii#0394;1597506278
661630567099400199;;â˜¤ ` PÃ¸guÃ© Ä°s GÃ¸d â€ #2901;1581010358
661766432748470272;;Mr. Duck#9999;1592373269;;Aspect#1020;1597506279;;Aspect#7683;1598696420;;Rynx Brawls#9191;1610123002
662026658882125824;;MineusdğŸŒ™#1021;1581592103
662867649365147705;;NÃ©pzy#0124;1587671182
663099061171126284;;Mad Max Payne#5697;1594915826
663734546889703456;;Verzu ğŸŒ™#1735;1585938869;;Acresolic#3443;1597506280
664249595177599007;;I simp#2904;1593092482;;Blood#3913;1597506280;;blood#3761;1600456657;;Blood#0199;1601123237
664284038089146370;;" ğ™†ğ™–ğ™¡ğ™–ğ™¨ğ™.#0001;1579886576
664782530175827968;;<è‰²Satoshi æ…§>ï¼š016#0016;1583944112;;Yunoo#0001;1597506281;;Yunoo#3522;1598696446;;Yunoo â€¢69/69/420#3522;1601123237;;Yunooâ€¢#3522;1610123004
664880977398464552;;Alisson#3039;1581008836
665370926573158420;;Leem#3302;1582443113;;justvibin#1579;1597506281
665479125758115841;;moothje#6969;1585942793;;moothje#5910;1597506281
666000733065314314;;||discord.gg/KyrEEkb||#1431;1581013043
666281102759034931;;! LÃ¬qÃ¹iÃ¸d#9516;1590435623
667115749223170059;;RÃ©a ğŸ‘½#1337;1586505881
667731242547937300;;" ğšƒ ğ™´ ğ™³ ğ™¸ Ø­Ø±Ø§Ù…#6666;1584981473
668099279138586636;;! ğŸ–¤ğ™‘ğ™šğ™¨ğ™©ğ™šğ™¡ğ™¡ğŸŒ™#0001;1593165236;;Vestell#0001;1597506283;;Vestell#8571;1600456660
668322736636035083;;Inferno#0005;1593099593;;Inferno.#0001;1597506283
668435008683507723;;!                 kekerito#3124;1598639075;;!                 Luci#3124;1600456660;;Amp#7210;1603474087;;baibai#7210;1603912961;;VioIet#0222;1610123007
668436796471771136;;Y-A$ap.#1111;1594994223;;Y-A$ap.#1079;1597506284
669151981293666326;;AfrÌÃ¸id#6666;1590438145;;wÃ¸rst#7565;1597506284
669188790149054505;;é ¹Shimmer#7926;1597576139;;é ¹Shimmer#0001;1601123240;;é ¹Shimmer#6521;1610123008
670330066999181323;;valentin#9999;1593432497
670569560298094612;;! RÃ¸ux#0005;1597406809;;!                           RÃ¸ux#0005;1597506284;;!                           RÃ¸ux#1911;1600456662
672506421115486208;;When Life Gives You Karma#1221;1581593418
673162568185151528;;alexx#9999;1595408818;;alexx but went bai bai#5973;1610123009
673552979151814746;;YoutubeXeniğŸ­#0666;1586282931
673872434683707402;;[MANAGER] Take Your Nitroâ„¢#0001;1594994525;;[MANAGER] Take Your Nitroâ„¢#5305;1597506309
674017633615740939;;flasher_master#6896;1586246087
674322972923920403;;Domestic Drout#2004;1594996228
674775914143547450;;Schizyy#6029;1583942642
675388241188487216;;AMITOP#4298;1585507613
675458145094598666;;" k4z " âœ˜#0004;1586510291
675671658706632717;;" $.#0999;1584528791
676163603560136755;;Szymcio#0056;1581600911
676716642088124416;;ProNoob#7974;1581759500
677002430302388224;;ItsDenislav#0450;1592507642;;ItsDenislav#6969;1597506311;;ItsDenislav#9999;1598370370;;ItsDenislav#4304;1601123268;;ItsDenislav#9999;1603474115
677261037099286528;;broken#6780;1587670127;;snxpinqs#7580;1597506312
677583873739325490;;MrPie#0001;1595070651;;MrPie#6969;1597506312;;MrPie#0001;1598370371;;MrPie#9675;1600456689
677963405365084200;;Î›lexis#3333;1595354654;;Lejo (20+reps)#0069;1597506312
678671019829100548;;hawbz#2937;1583941741
678798812671770644;;! Voidd ğŸª#6666;1594720329
679017850433699850;;mihabozic123#6103;1590085995;;mihabozic123#2041;1595065839;;mihabozic123#1337;1600456690;;mihabozic123#0108;1603474117
679021024595017754;;ğ™ğ™¤ğ™˜ğ™ ğ™®#0001;1585497045
679809167175057420;;Billy YT#5072;1593022876;;ğ•­ğ–ğ–‘ğ–‘ğ– ğ–„ğ•¿#0001;1597506314;;ğ•­ğ–ğ–‘ğ–‘ğ– ğ–„ğ•¿#8192;1600456691;;ğ•­ğ–ğ–‘ğ–‘ğ– ğ–„ğ•¿#9609;1610123037
679944178079367179;;Someone#4878;1595408755;;Someone#6969;1597506314
680929882150404170;;Zervas#1234;1584808502;;Blusterous#0753;1597506314;;JavaConfig#0001;1603474118;;JavaConfig#9090;1603912992;;Blusterous#5392;1610123037
680944676941201476;;Jayvâœ§#1114;1590348223;;Trap$tar#0064;1597506314;;Hoodfame#1242;1600456691;;Hoodfame#4553;1601123271
681061744239837185;;ÃÃ®Â Ã±Ç¿ Osix#1591;1600523000;;Jdr_1oak#1591;1603912992;;SharkOsix#1591;1610123038
681238789892735086;;Lost?#3000;1597518732;;Lost?#0030;1597559898;;,Lost#0030;1597563266;;Lost#0032;1598370397;;ahmdd#0032;1600456692;;ahmdd#3192;1601123271;;ahmdd#0001;1603474119
681630440196800731;;Denied | Pogâ€™s wifeâ€”-#2222;1594899090;;Denied#6629;1597506315;;Denied#6969;1600456692;;Denied#3675;1603474119;;Boris Johnson#3675;1610123038
681949337269698589;;Anonymity#0001;1584809150
682823591750139913;;! JaydenğŸ­#0001;1585938853;;Depo#0740;1597506315
683273281381728276;;Jeo âœ#0006;1592388533
683357973749563461;;carli#0001;1594920023;;carli#5305;1598696481;;carli#0001;1603474120
683721039884320840;;Ken#0001;1583249874
684129385506275376;;Racks#0999;1583941960
684743300493869057;;â„™ğ”¾â„‚ã€…ğ”¾â„ğ•†ğ•Šğ•‹#3281;1594893976;;ğ”¾â„ğ•†ğ•Šğ•‹#3281;1597506340;;ğŸ…¶ğŸ…·ğŸ…¾ğŸ†‚ğŸ†ƒ#3281;1610123041
684866754559868980;;Sleep#9999;1585939002
685003233617641542;;Dr.Henry Jekyll#1627;1587283213;;Sion#0881;1597506340
685122892966789120;;â˜¥ ğ™»ğš„ğš‡ğ™´ğš‚ ğŸŒ¹#0666;1584788298
685893340683829340;;SlÎ±pple#1111;1583944260
686023384995332127;;MineusdğŸŒ™#1021;1585296905
686035087611133968;;Gamer.io-Pc expert_YT#4069;1593165481;;GAMER.IO-PC EXPERT_YT#0101;1597506341
687012859708047423;;Z-Tenshi.#1111;1594994237;;Z-Tenshi.#5779;1597506342;;Z-Tenshi.#0001;1598370401;;Z-TenshiLaRue.#0001;1598696507;;Z-Tenshi.#0001;1600456720;;Z-Tenshi.#0017;1603474146;;Z-Tenshi. [Crystal]#0017;1603913020;;Z-Tenshi.#0059;1610123065
687294148033773570;;Ceardy#0002;1585931883
687361292641632367;;! ğƒğ†ğšğ¦ğğ¬ğ˜ğ“#0009;1592503216
687720991576817742;;ğ”½ğ• ğ•£ğ•¥ğ•Šğ•¥ğ•¦ğ•—ğ•—ğŸ’ğŸ¥³#8771;1590089814;;ğ”½ğ• ğ•£ğ•¥ğ•Šğ•¥ğ•¦ğ•—ğ•—ğŸ’ğŸ¥³#0001;1591523366;;Big Brain Forty#7000;1597506342;;Big Brain Forty#0001;1600456720;;Big Brain Forty#1111;1603474147;;On a break.#9834;1610123066
688425521398153282;;Voidd#9999;1594720295
688701493930491916;;AstÃ©ria#6666;1585934801
689044284137144405;;Saydubz#6969;1600525699;;Lens#6969;1603474148;;OUTBURST#4113;1610123067
689118009146867715;;xvn#0201;1585929917
689185410341273603;;card#6666;1597695967;;card#0001;1598370402;;card#6666;1601123300;;card#9936;1610123067
689512286422958161;;Hexxx#4444;1591377708;;Hexxx#6544;1597506343
689762906606534754;;! YoutubeNaroğŸ­#6783;1587059165
689871440371384376;;! Jesse#0001;1586272635
690307902627774525;;ä¹ˆ à¹–Û£ÛœAkif^^#0001;1593099556
690539494473990204;;ğŸ‘‘ ï¼¢ï½…ï½…ï¼­ï½…ï½“ï½“ï¼¡ ï¼¬ï½ï½”ğŸ‘‘#1221;1592509446;;MDevil#1000;1610123069
690868811037016115;;SNYDEEE#3623;1586245152
690953490478006352;;shocker ğŸŒ™#9801;1585926923
691241168213901312;;ğ™ˆğ™§ğ™‚ğ™§ğ™šğ™šğ™£#9999;1585295351
691360731823603753;;Rug#0001;1585301060
691757553029349377;;Zira#3748;1585926188
692297890512764939;;Mikerooo#4951;1588013750
692380530150473811;;Safdrx#9999;1592058174;;Safiq#6558;1597506347;;saf#6558;1598370429;;Safdrx#6558;1603474151;;sav#3690;1610123071
692601365511536743;;java#0001;1586507859
692792676524752927;;VolitantStix#1938;1592032183
693029010061393942;;AndrÃ©s#6666;1586273485
693081773717848064;;! Lays ğŸ­#2020;1585940731;;Lxys#4774;1597506371
693136788553859124;;! Furkan âµâµ#0055;1595410336;;!                         FurkÃ¡n#0001;1597506371;;furkan#1337;1597563322;;furkan#6969;1598370430;;!                         swÃ rs.#0007;1598696513;;` â‚ Swarsá´¼á´°á´µÌ‡á´º#0007;1600456726;;â‚ Swars#1337;1601123305;;Claudy#1337;1603474176;;Furkvn#1000;1610123096
693164780151636028;;Franklin#1337;1593700647;;xeheil [ÎMBLÎM]#1081;1597506371;;cia#1081;1598370430;;Ediciust#1080;1598696513;;Edi#1081;1600456726;;wiredgals#1973;1601123329;;penguin#1000;1603474176;;penguin xvc#1000;1603913050
693191576976883754;;Ryan'#6666;1595950351;;Ryan'#0238;1597506371
693234351910944769;;omen#2020;1594720339
693517800760803398;;âœ˜âœ˜#0001;1594915788;;justin16#0001;1597506372;;justin17#9999;1598370431;;justin17#0007;1600456750
694195832190140466;;kush#0667;1597416623;;kush#4873;1600456750
694232095676956693;;Jes â€ #4640;1586263500
694594496054165654;;xeni#3735;1586506810;;Cracker#3735;1597506373
694605388309594254;;King Horror#0001;1590436551;;Gucci Gang#0555;1597506373;;Aidenn#0555;1600456751
694675427633135647;;".#1234;1585928837
694860135104774155;;Flowy#5939;1586505931
694886092440338502;;! Hayley.ğŸ‘½#0666;1585933427
694921950086037614;;Deri#0001;1587059504;;ğŸŒ¸ãƒ»Power#5103;1597506374;;Scrooge#3292;1600456752;;Ponny#3292;1601123331;;á—·Ò‰unnyÒ‰Devs#0002;1603474179;;MiniBot#7419;1610123099
695718610160844901;;Guardian#4856;1595064898
696020762892697651;;AndrÃ©s#0009;1586500909
696348308674707458;;Hardeez#0001;1590087051
697204284126789712;;''Xen ğŸ­#0001;1586500664
697279777974911077;;! DarkBoyğŸ­#6666;1590343680;;! DarkBoyğŸ­#0001;1597507168;;! DarkboyğŸ­#0001;1598696540;;! DarkboyğŸ­#9966;1603474180
697808373147762738;;Deleted User#0982;1589827559;;Bird#7673;1597507169;;xGhost#7673;1600456754;;ğŸ‘»ãƒ»Ghost#0001;1601123333;;á—·Ò‰unnyÒ‰Devs#0001;1603474180
697910368428884068;;Jerry_#1799;1595064914;;Jerry_#9999;1603474181;;Denislav#0001;1610123101
698124291518234635;;'Bartu#2010;1594669945;;'Bartu#2907;1597507169
698428572251193394;;! Jorge#2663;1593698091;;jjorge#2663;1603474181;;jorgee#2663;1610123101
698452350829854761;;! Ğ¥eÑÑ‚Ğ»Ğ¸ â™¡#0007;1593165197;;Miroslava â™ª#1337;1597507170;;ï¼³ï¼¬ï¼¥ï¼¥ï¼°ğŸ–¤#0007;1598370459;;STAR#0009;1598696542;;à¥ Delta#6969;1600456755;;HeinZ#9111;1601123334;;Ğ¥Ğ°Ğ»Ñ„Ğ¸#6191;1603474181;;ĞĞ¸ĞºÑ‚Ğ¾ Ğ¼ĞµĞ½Ñ Ğ½Ğµ Ğ»ÑĞ±Ğ¸Ñ‚#6191;1610123101
698574348122062900;;DaxÃ¨n#3344;1590436983
700083724427198537;;" Lana.#8668;1598107636
700723419116732518;;Pork247#2638;1593421647
701022275524100146;;Bitxh#1323;1589827442;;Cheery#2327;1597507171
701156730838450257;;kingjared â€¢#0379;1593007626
701168031979667557;;Real#0005;1590343877;;! DarkLeoğŸ­#1111;1597507171;;! DarkğŸ­#0001;1598696543;;! RQRevenge#6969;1601123336
701775927696162886;;! Dex_xe ğŸŒ™#9938;1590437024
702034660456136754;;King Nitro#0765;1593165490;;Gamer Kingdom#0765;1597507195
702080396661227561;;ByLuciile ğŸ’œ#0999;1594990958;;DÃ©esse | ByLuciile ğŸ’š#2234;1597507195;;Neowxia#9999;1600456757;;LuXaRy JustLucile#1234;1603474208;;Xerelty JustLucile#1234;1603913081;;LPB Lucile#1234;1610123127
702185779849461831;;â„•ğ•’ğ•¤ğ•˜ğ•¦ğ• ãƒŠã‚¹ã‚°ãƒ«#8376;1587670815
702598231997153390;;Lil Ricky#3738;1594727049;;Nationãƒ„#6666;1597507196
702635764152008805;;$ionutt#0212;1591370875;;Ayroixxx#9174;1597507196;;ã‚¢æ°—ã‹| áµˆáµƒâ¿á´·â±Ë¡Ë¡áµ§â‚’áµ¤#9174;1598370462;;ê§à¼ºâ‚µÃ˜â± â± Ã˜â‚´â‚´É„â‚´à¼»ê§‚#9174;1600456782;;â‚µÃ˜â± â± Ã˜â‚´â‚´É„â‚´#9174;1603474209;;àº®Í¥ââ·½Ğ¸â·¨~â„³à¸ªÍ¢Ê›ÉªÌ·Í›Æˆ#9299;1610123128
702794342250709064;;Gun#6640;1600978088;;Gun#0003;1603474209;;Gun#0069;1610123128
702889575097565215;;Jtegraille#0001;1594991085
702899678945083442;;$$ " ğ•ğğ«ğ¬ğšğœğ ğŸ’#6100;1587670795;;â¤œğ˜ğ˜¦ğ˜³ğ˜´ğ˜¢ğ˜¤ğ˜¦â¤€#4379;1597507196
703096627459522590;;Nitro#4666;1590087448;;StrongSkins#0574;1592032249
703763534202273812;;! Vexxxx#0595;1599219130
703978684842901524;;BK | Havo#0001;1594723961
704031870458789908;;! RÃ¸xy#3152;1591952962
704153529916457009;;anto#5555;1595408781;;anto#1111;1597507198
704166765239730196;;anto#9999;1592506433
704416721133371422;;Discord Robux#6970;1597775722
705137218657845439;;ItzPanda#0001;1596188799
705335892721795092;;Dm -> Free Nitro#4989;1591370267
705440301858422864;;TAÃ‡#3958;1597763592
705546138513571880;;Stxcks#0001;1610123951
705733381996019803;;! FrozÃ©n å²º#1111;1593089771;;!                           â€ oxy#0999;1597507199;;Toxy#0999;1600456785;;Toxy  âŒ…#1902;1601123364;;Toxy#1902;1603474212;;1Rip#1902;1610123132
705867124945715281;;Rufi ğŸ‘½#0001;1594663433
706261074923749439;;ZGlowZ#8085;1594991222;;! ğ™¼ğšŠğš—ğš˜ ğ™µğš›ğš˜ğšœ | ğ“•ğ“»ğ“¸ğ“¼ğ“¯ğ“®ğ“¬ğ“½ğ“¸ğ“»#8085;1610123133
706350529785364550;;Brick Man#0001;1595408735
706768176272113695;;!                        ğ™ğ˜¼ğ™†ğ˜¼ â„¢ğŸŒ™#1111;1598639189;;!                         ğ™ğ˜¼ğ™†ğ˜¼ ğŸŒ™#1111;1600456786
706865827848126544;;Bapex#2037;1593091821;;Crypto#2037;1597507201;;Joseantonio#2037;1600456787;;ãƒ›ã‚»ãƒ»ã‚¢ãƒ³ãƒˆãƒ‹ã‚ª#2037;1603474213;;Proton#2037;1603913086
707301937329995816;;âœ¯ Kiddu#0001;1593421231
707663273088254004;;Stipple#4421;1591372167
707665579795939378;;BK | Laro#0001;1594723989
707785737289990154;;Motion#8139;1591376684
707854882845097994;;Saro#0001;1590350638
707896721002463344;;Fahim#9999;1591369299;;Fahim#4109;1597507203;;Fahim#9999;1610123158
708096373865578596;;Reaptios#7703;1590439219;;Scarface#7703;1597507203
708246599612104806;;skies#5496;1601572134
708283505028628511;;Slushie#0001;1592503035;;Flake#0005;1597507226
708435544085889305;;Marsi#8404;1591956798
708748806539313202;;ReZ!!!!!!!#2889;1594727138;;Renegade Dog#2889;1597507227;;Bad Boy#2889;1598696576
708975926846947380;;âš¡ğ•ğ•©ğ•›ğ•222ğ•©ğ• ãƒ„âš¡â„¢#6969;1593697528;;! âš¡ Xxjl222xX ãƒ„âš¡#6969;1597507227;;! âš¡ Xxjl222xX ãƒ„âš¡áµâ¿â±áµÊ°áµ—Ë¢#6969;1600456813;;! âš¡ Xxjl222xX ãƒ„âš¡áµâ¿â±áµÊ°áµ—Ë¢#2486;1603474240;;! âš¡ Xxjl222xX ãƒ„âš¡áµâ¿â±áµÊ°áµ—Ë¢#0001;1610123159
710051997134487605;;! Scorpion#0001;1593701250;;!                      Scorpion#2852;1597507227;;---------------------#2852;1600456813
710475346176114688;;2 invites = 2500 Robux#5623;1593092025
710845020198010961;;HexxxğŸŒ™#1197;1590343891
711236375646830633;;Shpaklovka#0814;1593162334
711242503654735943;;! WrldğŸŒ™#0001;1594720355
711635367320617052;;! R4zOr.#9999;1595001334;;! Stormy.#9999;1595001380;;! R4zOr.#9999;1597507228;;! Stormy.#9999;1598696601;;! Stormy.#0001;1600456814;;ï¾’`slight.#0001;1601123393;;Aspect#0001;1603474242
711704209183211544;;!   Asta#0001;1597576290;;!     Asta#0001;1598370494;;massil#0001;1598696601;;massil#3569;1600456814;;Asta#3569;1603474242;;mae#0438;1610123161
711873225545613343;;Supplier#1154;1595408156;;MÃ–MÃ–#1154;1597507229;;boyster12345the#1154;1603474242;;ScriptedMax#1154;1610123162
711967948927008808;;Exterio#6391;1590437012;;Horrox#9421;1597507229;;Horror#3135;1610123162
712349252453400637;;Gayrex#6666;1590439906
712383785240494180;;Boosting Event#4044;1594666802
712408548591665172;;JamesBones#2967;1593091495
712442686807867393;;Youngboy#7191;1593091063;;YoungBoy#7191;1597507230
712592038322896926;;! â€  Î¨ L.S.D Î¨ â€  !#6666;1590434161
712675569204199456;;A e s t h e t i c#4780;1594994541;;Melody ğŸ’›#4780;1597507230
712699739413676084;;NuRoFeNCaLmiNï¾‰á´¬á´·#0889;1592940487;;Alin Gabiï¾‰á´¬á´³#0889;1597507231;;Alin Gabi#0889;1598370520
712717945368870933;;KawaiiğŸŒ™#1410;1597561134
712916338590613524;;Adolf Krinkler#4040;1595933814;;Adolf Krinkler#1277;1597507231
713028936778514547;;Akio#7026;1597772631
713093803610996746;;Confirm#9999;1591371695;;Unicode#9999;1597507231;;Unicode#9998;1598370521
713811743335514142;;!                          Can.ğŸ¥€#1334;1597579870;;!                         AlÃ©yna#1000;1598370521;;!                    can.dll#1334;1598696605;;!                        Aleyna#6724;1600456818;;asadssdasdasdsa#6724;1603474246
715100563661914133;;Claraâ¤#3155;1592040968;;Rainbow#2868;1597507232
715150278982238260;;Aloxy#0001;1593091249;;Aloxy#0893;1597507232;;Aloxy#0001;1598696605
715674465303789658;;!             Bre#2793;1602527258
715989746169675860;;Noah!#0001;1593008508;;FIamingo#0001;1597507233
716298433039827024;;TrololololxD08#5344;1594990770
716724232905818122;;Clixy#0001;1610123884
716850415957966950;;Robux payer pro#7038;1593846411
717373211280408787;;chqd#0667;1593023453;;>_chqd#0667;1597507233
717389705876078673;;!                          AesoN#1000;1598435323;;AesoN#0001;1600456820;;!                          AesoN#1000;1601123422;;AesoN#1337;1603474271;;Umut#1337;1610123190
717477786046038038;;Shaderhoth#7222;1591438473
717681409015152681;;" Naipow#0001;1593022864;;Naipo#0007;1597507234;;NaipoV7#0005;1600456844;;NaipoV8 'ZPÎ”#0008;1603474272;;Naipo#0009;1610123191
717841856892764203;;Adalet#8602;1601573278
718068296234303599;;apollo#1000;1592389557;;apollo#8039;1597507257
718151896258314371;;!rocky#9999;1595951463;;!rocky#0069;1598696608;;!rocky#1337;1600456844;;!rocky#7767;1610123191
718389701043814410;;xDowny#0001;1601138930
718441364848771222;;! ã€Œğ’ğ”ğ’ğ‡Î›ğğ“â•®á´¼á´¾éğ™”ğ™ä¹‚#9999;1592388743
718795462655868961;;! â‹"RÃ©wal. A5#0005;1597406799;;!                    â‹"RÃ©wal. A5#0005;1597507258;;!                    RÃ©waling A5#6481;1598370524
719066121784918046;;iFakeZà¿#0001;1610124008
719163295428378686;;HexxxğŸŒ™ | X-Space#0630;1592047838
719216734216650786;;Paco Pecador#2918;1593091587;;Gringit0#2918;1597507259
719532790395437237;;â„Ÿ | à¹–Û£ÛœAyse^#0033;1593099567;;ï½² Ayse But Biraktim#5454;1597507259;;AÒ¯sÎµ <3 YÎ±â„“Î·Î¹zâ„“Î¹Ğº#0001;1598370525;;AÒ¯sÎµ <3 YÎ±â„“Î·Î¹zâ„“Î¹Ğº#8768;1601123424;;Ayseee#8768;1610123193
719563966287970324;;Unicode#0100;1592029316
719613364573044749;;roraito#0001;1595410024;;roraito.dev#4366;1597507259;;roraito.dev#0001;1598370525;;roraito.js#0001;1598696633
719744045521305681;;Meep#0003;1601572842;;Big Brain Meep#0003;1603474275;;Big Brain Meep#1500;1610123194
719993075870466190;;719993075870466190;1595950949;;LucasX#7818;1595950993
720007515378811001;;ğ˜¼ğ™¢ğ™–ğ™¯ğ™ğ™£ğ™œğ™‚ğ™ªğ™®#9999;1594917168;;! AmazingGuy#9999;1597507260;;AmazingGuy#1000;1598696633;;AmazingGuy#4000;1603474276
720258721707589743;;itz_Janna#7648;1593100501;;Account Deleted#7648;1597507260
720656591573221486;;! RideğŸŒ™#6270;1595084588;;Ù´Ù´Ù´Ù´#6270;1601123426
720685072206004264;;!       Ga (dm me for events)#6969;1598639085;;!       Ga (dm me for events)#1896;1600456847
720748382745788507;;RdmğŸŒ™#7830;1593699045
720808573118185564;;val on top#0001;1597573962;;val on top#8088;1600456848;;Districtings#8088;1603474277;;Districtings#9276;1603913149;;vale#9999;1610123196
720810990379335842;;ê§à¼’lÌ·eÌ·xÌ·iÌ·à¼’ê§‚#2088;1597952265;;ê§â‚­iâ„’â„’â„°â„›ê§‚#2088;1598370551;;ğ¿ğ‘’ğ“ğ’¾ ğ“Œğ‘’ğ“ğ’¾#2088;1598696635;;Lexi.#5742;1600456848
720951180259229736;;! Lex#0001;1593091192;;! à¹–Û£ÛœHesab Devre DÄ±ÅŸÄ± BÄ±rakÄ±ldÄ±#4501;1597507261
721315885914259546;;! Kylie#7458;1592382806
721367016908390541;;! "ShadowEnLambooo#2000;1602181096;;! "Shadow#2000;1603474302;;>"Shadow#2000;1610123220
721723157521629248;;BEST BOI#2003;1596023908;;BEST BOIá´°áµ á¶ áµ’Ê³ á´¬áµˆË¢#2003;1598370551;;BEST BOI#2003;1600456849;;BEST BOI#3091;1601123427;;Shayan#3091;1603474302
721735702207004804;;Reward Gifter!#3667;1593010068
722426358684319744;;AX10#1751;1592503008
722632001068335106;;Leave temp.FSB#0777;1593700631;;Yakuza [ÎMBLÎM]#0023;1597507263;;YakuzaLaRue DIA#0023;1598370552;;YakuzaLaRue#0023;1598696636;;Yakuza. (leave...)#0023;1600456850;;"Yakuza"#0023;1601123428;;Yakuza'444#4969;1603474303;;Yakuza [Crystal]#4969;1603913175;;Yakuza.#2687;1610123221
722698938314129438;;FreedomFighter#3311;1593007668;;mariamâœ¨âœ¨#3549;1603474303
722768671428182067;;Jakee#9999;1593168392
722918700063391806;;$kull#0006;1594916098;;Sá´‹#0006;1597507264;;Sk#0006;1597563421;;â–ªâ–ª#0006;1598696637;;Sk#0006;1600456850;;$kull#0001;1610123222
722975533897351279;;anna lee â™¥#4465;1594666722;;anna â™¥#4465;1610123222
722997987974053929;;Mocha#3497;1594666656
723040323638657065;;NITRO GOD#3445;1592503216;;! fredrick#3445;1597507264
723151040802848809;;TB#6308;1593699785
723635311132934145;;! Zunden#6310;1593091381;;Ã‡ â™¥ Ã– â™¥ Ä â™¥ N â™¥ Ã€ â™¥ Ã–#6310;1597507265;;Ã‡ â™¥ Ã– â™¥ Ä â™¥ N â™¥ Ã€ â™¥#6310;1598370554
723680896003211345;;Qwert#2021;1610123938
723754574460092558;;Tavi#0011;1595330736;;Tavi#0069;1597507288;;Tavi(Old account)#0069;1598370554;;Tavi#9999;1598696639;;Tavi#7823;1600456876;;Tavi#2425;1603474305;;\-_-/#2425;1610123223
724002380756156487;;jamie#0003;1597649490;;jamie#4444;1598370555;;jamie#0003;1600456876;;badlilhoe#0545;1610123223
724260577563639847;;Lucy â¤#6516;1593091451;;Lily03#8841;1597507288;;KOBA#8841;1597563423
724328948963737660;;marceline;#8000;1595002563;;aaron1uv#9000;1597507288;;aaron <3#0001;1598370555;;aaron ğŸ’–#0041;1598696664;;aarxn#0001;1600456877;;aaron.#0001;1601123455;;kylie#0001;1603474306;;Cancel Aaron 2020#7563;1603913178;;aaron..#0001;1610123224
724379253533048872;;" ğ‘ºğ’‰ğ’†ğ’“ğ’ğ’ğ’„ğ’Œ.#3796;1593762770;;"  $KY#0001;1597507289;;$ky#0213;1598370555;;$ky áµˆáµ á¶ áµ’Ê³ áµƒáµˆË¢#0213;1600456877;;$ky#0213;1601123456;;$ky#6666;1603474307
724917746986647602;;Racks#5529;1593165162;;Moonlight#0608;1597507289
725102094289469480;;Lara ğŸ’—#5688;1594994741;;Minnamon#4108;1597507289;;ai.dat#4108;1598370556;;Sex Slave ğŸ˜ˆ#4108;1600456877;;Bawtry Paintball 2020#4108;1601123456;;Xplicit#1186;1603474307;;Damn#1186;1610123225
725381671716913304;;! ğ“¨ğ“®ğ“®ğ”ƒğ”‚ãƒ„ğŸŒ™#9999;1593192254
725421497988022302;;GioğŸŒ™#1998;1597689992;;ItzGioğŸƒ#1998;1600456878;;GenzixD#1998;1601123457;;Dewil#0013;1603474308
725447466291429386;;Robux for *FREE*#0326;1593092015
725789066368647260;;Dragonwings -Dragon Noob Eater#1935;1593164662
725964916070285314;;Jackiee!!#3177;1595950159;;Jackiee!!#5874;1597507291
727213427524894722;;Reward Gifter#1554;1594720372
727334950537265193;;The Lord Of Hell#0079;1594724025
727639914564550677;;The Black Devil#0666;1594724018
729006707665010759;;! Qwerty#2020;1595058236;;its Lightways bday#2020;1597507292;;Infinity#4444;1598370582;;ALONE AND HATED#1234;1598696667;;Lightway!#9999;1600456880;;Senorita#1234;1603474309;;GaryOak#1234;1603913181;;Lightway#0001;1610123227
729320664414158909;;Vinguarde#5155;1594990700
729731533518143608;;ğ•‚ğ•’ğ•¤ğ•’ğ•™ğ•š#2727;1597576941
731497436664823930;;Kasahiâ„¢#6666;1597576339;;Kasahiâ„¢#7310;1598370582;;KasahiÂ®#7310;1598696668
731944946814156961;;! Sweep A5#0005;1597406871;;Sweep A5#6336;1598370583;;!                       Sweep â­#0005;1598696668;;Michelangelo#0001;1600456881;;!                            Eda#2112;1601123459
732192222673502219;;! Lezzy#0001;1597737991
732270856654553178;;Free Nitro!#5790;1594719954
732307770866663465;;mmurshed1 â„¢#6349;1597649138;;ï½ƒï½ˆï½ï½‰ï½ƒï½…ï½“â…‹#6349;1598370583
732972444117368902;;Waffle#1267;1595064883;;THE BAD GUY!#7048;1597507298
733075734826057823;;Selloutstreamerbtww#1445;1595950573
733406950360088667;;Reward 4 Nitro#5407;1594994261
733683166665113650;;A e s t h e t i c#4780;1595050859
733687198414798909;;Domestic Drout#2004;1595050733
733717376234946620;;MinecraftGamer3#6855;1595050540
733719054619115581;;ZÎ£Î£K#1705;1595050612
733722248107786280;;kazookid#5540;1595050794
733740633138790520;;ğ–“ğ–Šğ˜ƒğ–Šğ–—#0470;1597578651;;1711#0470;1598370586;;ğŸ¦‡Ù´#0470;1603474337
733992321778974721;;ğ’±ğ’¾ğ’¸ğ“‰ğ‘œğ“‡ğ’¾ğ’¶#6941;1595084700
734031482380877845;;Papelito#6969;1595084675
734034779485241375;;Leafy#6005;1595084639
734037022846615613;;Voidd#9999;1595084613
734186594109489202;;Eclipse!#0002;1599419775;;HellFire#0001;1600456909;;!  SkyLight#0001;1603474338
734693100806602772;;Keldan#0001;1597405945
737045573697404959;;" Miniwe.#0001;1597952263;;" Miniwe.#5399;1610123258
737565594559184946;;FeechÃ­#6666;1595950197
738659623720058920;;xDaddy#9062;1600523438
738695439452340224;;Xolar#6969;1610123815
739180901799559168;;FIamingo#2020;1597406395;;Aeo.#0001;1597507325
739568056728289324;;SkilledPro#2431;1597748556;;Kawaii#2431;1598696697;;! Do#2431;1600456910
739851537022451853;;Supreme#9719;1600524254
741147857330896966;;Nitro Wumpus#7320;1598600181
742407125837414420;;âŒ© NUGGET âŒª#8601;1597406164;;Keldan.#0001;1598370588;;uhKeldan#0001;1598696698;;Emirates.#0001;1600456910
743171868181135362;;Zealott#0001;1600523233;;Rider#0002;1601123490
744243996267905076;;Rainbow#1234;1600978794;;Rainbow#8439;1603913236;;Fiscal#8439;1610123283
744419300995104831;;!                              !#1000;1598435363;;!                              Ã‚#1000;1598696698;;!                              A#1000;1600456911;;!                          AesoN#1137;1601123490;;User name#1137;1603474365
746092039065567233;;mmurshed1#3880;1598170398;;mmurshed1ğŸŒ€#3880;1598370588;;!             ğ‘º ğ‘¯ ğ‘¬ ğ‘¿ ğ‘³ ğ‘³ ğ’€ â„¢ğŸŒ™#3880;1598696698;;!              ğ™ğ™¤ğ™œğ™ªğ™š ğ™‹ğ™Ù¨ğ™£ğ™©ğ™¤ğ™¢ â„¢ğŸŒ™#0001;1600456911;;!               ğ•Š ğ• ğ•€ ğ•„  â„¢ğŸŒ™#0001;1601123490
747470434152218665;;Kap.#1234;1602181432;;Kap. Spectra#1234;1603474366;;Kap.#1234;1603913236;;Kap.#5619;1610123284
748877102584954901;;!Exlp.#1017;1610123792
749291194701447259;;Managers#0816;1599219131
750708257882112021;;Lyrics ğŸŒ™#0001;1602436158;;LyricsğŸŒ™#6174;1610123285
755715265655865346;;dolce vita#0212;1602181572;;dolce vita#9926;1603474366;;T.leave (2)#0212;1603913237
755900710897582102;;Berlinios#7486;1602180119;;! aÃ©ko#0001;1603474367;;! aÃ©ko#5141;1603913237
758260590984036382;;Maâ€ rix#0004;1610123842
758433598893195326;;" Yanis.Exe#9999;1601572777
759823165928243302;;Asta#9999;1610123689
760228858946387989;;azazel#4234;1603887770
763471137996406785;;"Yanis.Exe#9999;1602180748;;"Yanis.Exe#2630;1610123286
763714405271601152;;qweqweasdas23#3483;1602436030
783092354763718656;;Pansitodeawa#0002;1610123925
787440030506811413;;Lion#9999;1610123802
788622263481794580;;HARLET#4396;1610123673
789935473296277535;;vex#7493;1610123909
790534945252311072;;Mimex#0001;1610123829
790568555657429002;;Ayme#0001;1610123868
