Emirhan Bodur#0701;;152246258055118848;;0;;1586507395
speechless at sunset ğŸ¥µ#1109;;167328242888474625;;1;;1593100095
á²¼á²¼á²¼á²¼á²¼#4826;;169436173968605184;;1;;1583252290
harryS#6355;;182759780496965632;;0;;1593007652
ram.#0511;;185286302080434177;;0;;1593007515
Ceramic#0001;;197342812839084032;;1;;1595410485
Rylan#1188;;229697153046544385;;0;;1590345081
Qrow#7606;;234389177410650112;;0;;1599320799
SkeletorAngel#2021;;239796794156908546;;1;;1592507412
mar.#1053;;245740935063797761;;0;;1592034409
Admin#9999;;246368987321991168;;1;;1596188489
Sie#1372;;254783436307431424;;1;;1594921291
anto#6666;;260541836613910529;;1;;1595408706
dyn#8920;;264058261538340864;;1;;1593699519
Jugg#0001;;264084299224055809;;0;;1586448817
9ICE nà¸ªà¹‡à¹‡à¹‡omy#0001;;269563427779772416;;0;;1585937845
Peachez#0001;;273182958263992321;;0;;1597576168
;))#3630;;273811986737790976;;0;;1586253012
bored#0142;;278626891366400021;;0;;1592058538
3n9k#0001;;279773016416714752;;0;;1579892210
BIGSCOTT#8029;;281373771133091841;;0;;1591370867
Cyber#6019;;281809499742928906;;0;;1591532791
Yam#0001;;281941937768890369;;1;;1598515874
juicyboi0193#4943;;286532533771042816;;0;;1597521450
VolitantStix#0001;;289100785730453504;;0;;1592032095
Steel#8657;;290274026738286593;;1;;1592852834
! YoutubeNaroğŸ­#0666;;290323277111492618;;0;;1586245334
Thief#0906;;295148899314827268;;1;;1592507376
MrBeast#0001;;295367604556660756;;0;;1594722881
GraceCarry#9730;;301083993049399309;;0;;1591370859
Tomato.xyz#5426;;303458896369156097;;1;;1581011538
TotallyKai#1655;;305049922871492610;;1;;1592510153
NotAnArtisticDoodler#7241;;305073777035968523;;1;;1594898724
EaZea2#8062;;306879566855536640;;0;;1593089495
Its me Rdm#9999;;308784697973145601;;1;;1585466880
0Zero#0069;;311403728982900737;;0;;1591370837
0so#0030;;312242324803420160;;0;;1586507338
Motion#9999;;312973712204890113;;1;;1593003876
Snkiky#1661;;315132342542794763;;1;;1581011562
devilness#8525;;315778807728439297;;0;;1594662981
!                           Cabo#8179;;316822270825857034;;0;;1598628668
HunterDK#9312;;317759378675728385;;0;;1585941685
prime#2020;;326399195638661121;;0;;1584809413
Rachel ^^#1179;;327420380723806208;;0;;1595407880
Yass.NLH#9999;;328965000028880907;;0;;1587670767
Supremacy#8389;;330092343992647712;;0;;1591524896
Frade#0001;;332592901718802446;;0;;1585932333
Ahmed#0006;;333507496524382210;;0;;1594741505
Clyde#1249;;333815751658176512;;0;;1590089385
sagely#7891;;337546360612061186;;0;;1594895788
Starkyy#5963;;338724630854500352;;1;;1593699491
HandRobuxs#5315;;340090226452070400;;1;;1592571729
Ribal#9999;;340570558766776325;;0;;1592057300
" PÎ±râ€ y#3112;;340972715978784770;;0;;1610123602
wee#7656;;342482994734563338;;0;;1593101108
JustğŸŒ™#0666;;351004586586275842;;0;;1585928626
!                           RÃ¸wy#2414;;352383657702588416;;0;;1597406832
Baracuda#2447;;353660887741104128;;1;;1595409694
I've left discord cya!#3994;;354721112816615425;;0;;1592034649
Aggressive.#2625;;358656747767988225;;0;;1585927470
! zJqran#0001;;361225531921924107;;1;;1594994106
Pure#1778;;361632963101851660;;1;;1579802228
Medacek#7836;;369124850213847041;;1;;1579895120
$itsmeitzderas#2005;;371036810341777408;;1;;1594893996
Phineas#1820;;371657207198253059;;0;;1594917311
â™¡CxrruptDreamâ™¡#7076;;371663431872282626;;0;;1592034394
csgod#1635;;374118802222350338;;0;;1582446381
Racks#1100;;375616448380534785;;-1;;1598703105
Vexy#9999;;377147673813450753;;0;;1594667378
Carder007#0007;;378955702598631444;;0;;1590345057
Cloudy#1111;;383764436235845634;;0;;1593433803
rip#0001;;386592198877249536;;0;;1592385231
Stable Naro#0001;;387042696167948295;;0;;1593425214
Kyzak#9295;;387667469986299914;;0;;1590343782
Mexz#8732;;389045085322477579;;0;;1583943784
Jasper.#0001;;389248886805364736;;1;;1594921346
Seanio#9976;;391536969114714113;;0;;1594996175
" XaRz [á´…á´€Ê€á´‹]#0666;;392040918229843979;;0;;1610123863
Maya#1285;;392379739513290752;;0;;1586502734
sa9#0666;;393144079703343104;;0;;1593167412
Kroberto#1234;;393406518722297857;;0;;1591956830
! land.#4523;;393793408310968320;;1;;1595951451
Hash â‹†#6191;;395074720753647628;;0;;1593098536
AJackson#4089;;395385897664643072;;0;;1592387583
& TH#1451;;395590182134611969;;0;;1597417571
"Ju$t.#0666;;395735161083527168;;0;;1586272463
Benoone Fun#6174;;397895566161346571;;1;;1594921302
Sie#0001;;399403881605365760;;1;;1594921132
chieoncrxck#3752;;399669632958464000;;0;;1594896800
TwitchKoodsu#0001;;403269102699020289;;1;;1592507423
! Ln Drama#8483;;403636094710579210;;0;;1590343750
Tina.#1821;;403685169405624330;;0;;1587059059
Photo#9246;;405816360946630656;;1;;1597572632
Retro Dude#5271;;407207520923287573;;1;;1593701627
Masher áµƒá¶°áµˆ#0001;;407327565850738718;;0;;1594739749
Stroke#7866;;409823410106138634;;0;;1593102085
Aybars#6923;;410142642752716821;;0;;1595407942
Ashley ğŸ­#9160;;414411035559329793;;0;;1593407776
J. Newman#3684;;417822964528971784;;0;;1595408079
SpoodTheDev#6969;;420300966907084802;;0;;1579893832
Tommyboy06#1309;;422741390636744704;;0;;1593699949
"Roxi.#2002;;423913363962331146;;0;;1594663410
Edison#1532;;424291404454297611;;1;;1594921314
Tokyo#9999;;424349318590234634;;0;;1590436978
eRR#1486;;426045025722433536;;0;;1593005721
dreamy#2021;;426492528351641600;;1;;1594921338
shion#0001;;428763222494019586;;1;;1593420284
808#0004;;429312248935219202;;0;;1592509466
Rovsahâš¡#8148;;431238521026510849;;1;;1592570636
zen#1234;;431271798555017216;;1;;1596188522
alecks#1000;;432185415420739585;;0;;1585301467
Waterytv#0023;;433996216213307392;;0;;1593421672
adyas#2815;;434370099282051073;;1;;1580930085
qRow#0010;;437215680610304010;;0;;1598696310
rock#7141;;438705896931983371;;0;;1610123783
Racks#2812;;446959324217081856;;0;;1592508161
PixelDart#9999;;448106940170764288;;1;;1594666123
DARKLORD GAMING#2930;;449861230786510848;;0;;1585932902
GyazoX#7961;;450981130305536032;;0;;1586274326
Zakria#2261;;451164940632457226;;0;;1591370119
RichardLOL#8542;;453167713939095553;;0;;1591370695
Jeo âœ#0006;;453782984127152149;;0;;1593846969
Serp#0865;;455929980665462785;;0;;1597568088
IzPrincipa á´°áµ á¶ áµ’Ê³ á´¬áµˆË¢#1970;;460075273929359370;;1;;1594719040
im a puppy#0001;;461848092023586816;;1;;1594719149
! Ninjaâ„¢#9587;;462938031725215746;;0;;1585507686
Melissa#8171;;463370167255302144;;0;;1579893789
Theblockbuster1#0001;;464318776167628810;;1;;1589828875
MadnesS#0888;;464854957997424660;;0;;1597576187
! Ã‰lite#0001;;466587751765114880;;0;;1593699765
!                         D#1142;;467754476871090186;;0;;1598639108
' â˜† RÃ¸hÃ®t â€ #6641;;468290451976486912;;0;;1595950232
! NitroGodğŸŒ™#5449;;469855553007517706;;0;;1585932578
Fune#5994;;472042170598293512;;0;;1585939680
! Maverick#1249;;474018472393834496;;0;;1590089277
RÃ©a ğŸ‘½#0666;;474884304363847705;;0;;1586264108
Dejwit#0733;;476781881833160706;;0;;1594994398
J ğŸ‡¬ğŸ‡§#6088;;477548947318112260;;0;;1591369589
giuly#2698;;478818545116119040;;0;;1587670438
! Dervi ğŸª#4999;;480090986232676364;;0;;1592047523
Steven Explains#0842;;481470551932534807;;0;;1592057066
ğ˜™ğ˜ºğ˜¢ğ˜¯#6969;;481598833197842432;;0;;1594723055
KING UNICO#0666;;482935367843184650;;0;;1581591903
chicken connoisseur#6941;;486200986273185822;;1;;1594899134
$JACK#6047;;486880380113256466;;0;;1581596603
fear#1111;;488334773110964234;;0;;1594915897
AX10#1971;;488483088846946304;;0;;1592389411
kenneth#7948;;489216125243097090;;0;;1581008877
REDĞ¯UM#9999;;489247070427938816;;0;;1585925942
Frozen Watermelon#5568;;490579322932035613;;1;;1582278581
Tempest#0002;;491964532319584275;;0;;1593700390
Berk#7614;;492406284780437504;;0;;1581009219
PepperJack#5759;;493491788489687042;;0;;1592034373
qrew#6666;;495660146752618516;;0;;1599320821
Snyro#8126;;499228583580139520;;0;;1592034382
bitch#0420;;499350077299621898;;0;;1593433820
SPEARF#9999;;503180315318288394;;0;;1586505110
BlueCaptainPR#7296;;504464939939790848;;0;;1581017623
Catalin Official âœ“ï¾‰Ë¡â±áµâ±áµ—#7029;;504646334293344286;;0;;1585931745
RÃ©spÃ©câ€ #0001;;507254484267827212;;0;;1598639140
Bacon#5420;;507951002658537482;;0;;1579802363
????????#7077;;509951385417154560;;0;;1590433266
peto pelinatti#2355;;510478334908694538;;0;;1584110353
! "Eganax But Delete#1234;;513267660222496779;;0;;1602181250
Elijah ğŸ‡#0666;;514251596431884298;;0;;1586272396
D86592#0001;;515866394122780672;;1;;1585508063
CryptiX#2021;;517056533406679050;;1;;1580930528
NEODY60MIUMğŸƒğŸ‘»ğŸ’€#7179;;518368406781820941;;1;;1592502009
alyson#4850;;520413108921958410;;0;;1594666741
_Unforgotten_#5753;;521301275581874216;;1;;1593846356
mars#7642;;522000594869944331;;1;;1597488226
SOOTIR#5321;;524967366564642827;;0;;1590436961
Giveday004#5876;;528422672275734568;;0;;1594894234
wavy#0001;;531076819173244941;;1;;1597846296
Moonlight#3938;;531112426301554688;;0;;1586272114
Mystical#7415;;531204016005185553;;1;;1584108465
ItaThi#5300;;534367197171023909;;0;;1593165145
Mazo#9415;;535189791315329034;;0;;1591524973
Turbold_YT Gaming#5596;;535318931460587540;;0;;1583050316
Ğ¼Ğ°Ñ€Ğ¸Ğ½Ğ¾Ğ²Ğ°Ğ½Ğ½Ñ‹Ğµ#9928;;535818437650284545;;0;;1593164692
Eclipse#1408;;536266330857537536;;1;;1594921328
awyru#6193;;536611983404040192;;0;;1597569616
xDojo#0345;;538082350454800433;;0;;1584980943
erayco_47#4270;;538108898733981698;;0;;1590439279
" ğğŸ’ğ¤ğŸ#3145;;539166636410929180;;0;;1590438453
Lord Bony Tenerbris#7706;;539921832833187857;;0;;1594991760
IzPrincipa#7516;;541630589531324436;;0;;1592032003
Ghost Hunter#1039;;542211533053362177;;0;;1587061165
liqÃºÃ¸r#0666;;542754690086207488;;0;;1585929174
Syn#5656;;543834190542667776;;1;;1581601229
Ch0chKa7aPr0Wee#5255;;544909724127330334;;1;;1582226635
Benzx1#0666;;544992582921355274;;1;;1580927416
TUTS#6246;;547792039358627851;;0;;1590086438
ArKan#6794;;553319269752897693;;0;;1594895334
Tixga#9949;;558380937809887242;;0;;1583055433
psychox#6969;;562011650467561502;;0;;1584108810
z04b#2048;;562757908853424128;;0;;1602179463
Strikerx#6550;;564307406788755476;;0;;1591370920
Charly ğŸˆ#6833;;564456019762085889;;0;;1586507282
kingol13#9199;;567323904843055147;;0;;1593700367
X_SuperGifter_X#2020;;567906204395765778;;1;;1579802316
Amal | Leader (NEW) D.M.A#4233;;570688738674343942;;0;;1591955322
Cybernetik#3699;;570728598202220555;;1;;1594921280
Kaido#6695;;574007875207430154;;0;;1589827763
Altitude#6379;;574859343187410976;;0;;1592509330
Alt > wuush#0157;;576516207893544988;;0;;1591955386
Daxor#3134;;577085908168343563;;1;;1596188549
AX10#4499;;577988659354271754;;0;;1598359614
Rain#2779;;578225716064419860;;0;;1591955196
SuperJS1#0001;;578277341118332928;;1;;1583252374
Im Mario#0671;;579358067276120069;;0;;1593431975
Minex#1905;;582132428064161793;;1;;1582278447
Survvz#6203;;584140812686721035;;0;;1599233747
danica#6716;;585908510265442327;;0;;1594666752
Floxy#2095;;586876842414309376;;0;;1585677409
MonsterKid#0001;;588394148659331072;;1;;1594898475
repify#0001;;589223631381463041;;0;;1579895639
Dirkâˆš#3041;;589464223214469151;;0;;1592057776
RetiredByPlagueSquad#1561;;589592468710752358;;0;;1586507809
angr#0069;;591012981165522945;;1;;1594899114
troublemostly#6663;;591959999320948737;;0;;1590428267
Supphy#0001;;593108306139152401;;0;;1581010383
Umutxsadâƒ¤ Tatilde ğŸ¤ª#1337;;593167215835086868;;0;;1594719913
"$"#1111;;595002206290313219;;0;;1586272775
Lakeith#1957;;597497419097309224;;0;;1598639172
SkiloZ#0212;;598144142177992705;;0;;1595950265
ProNoob#0277;;598920304185573379;;1;;1581267349
KayZer#8959;;599330622670110730;;0;;1597580059
'NosieÅ#1000;;599337378053881876;;0;;1593163636
GODdevta gaming#9533;;600325602880520193;;0;;1592503226
Veheasu#0001;;600356636330033152;;0;;1591370848
!                ã€Œğ’ğ”ğ’ğ‡Î›ğğ“â•®á´¼á´¾éğ™”ğ™ä¹‚#6666;;600633653915025408;;0;;1592388759
0_0#6666;;603948445362946084;;0;;1582226657
deepo#0001;;606498579938410497;;0;;1590086740
Hardeez#9999;;611681192109932554;;0;;1590086843
Dylann#0002;;612356688376365056;;0;;1590437005
Warrior#8821;;612722236239118387;;1;;1592572871
Hxrror#0001;;614607891701170206;;0;;1586282483
ğ˜¼ğ™¯ğ™©ğ™¨ğ™®. ğ•‚ ğŸ”±#5427;;614825448957804544;;0;;1595407795
Ispringrolls#5823;;617799501226180619;;1;;1593762597
Marvin K#8042;;618143248027746323;;1;;1594994078
Ğ”Ğ°ĞºĞ¸Ğ…Ñ…Ğ°Ğ° ğŸ’¸#1235;;619971762217680908;;0;;1584530373
Ride#1234;;620896234550460428;;0;;1583139199
Triple#9217;;622803255088513044;;0;;1587671058
Divyanshu kingğŸ‘‘#0001;;623096574620467200;;0;;1610123903
â€¢ Zerok â€¢ â˜”#6969;;624984343479320592;;0;;1586507833
Floser#8315;;625103007205425172;;0;;1586272343
6okolad#9999;;625432332299665446;;1;;1598369850
$$ " Ï¿mbre.#9999;;628291346079285270;;0;;1587670681
HOaaalll#4327;;629027873814085653;;0;;1580926461
Speshy âœ¯#1996;;629955393417904158;;0;;1597406856
winter#0009;;630071260755525657;;0;;1593088772
Frade#8077;;631991744526811157;;0;;1583774835
Eclipse!#0001;;632226953797304330;;1;;1595773408
water#7544;;632836048531095582;;0;;1586281579
âƒ Kiddu#1826;;633046174290411530;;0;;1597520678
Aspirin#6969;;633156322799386625;;0;;1593090959
nokia arabe#3355;;633254717719445514;;0;;1595084730
AliBubağŸŒ™#0666;;634845500172140560;;0;;1585677378
< - Yuko#0001;;636268400934518794;;0;;1597649491
Rainbow#3322;;638521285999329313;;0;;1586509642
...ğŸŒ™#0507;;638827619885907979;;1;;1582277879
ğ“šğ“ªğ“¶ğ“ºğ“¾ğ“²#5837;;639230503068631070;;0;;1592034360
! Tobi ğŸŒ™#8943;;641334131560546340;;0;;1593093417
Raedlu#7269;;642089500616687629;;0;;1594990754
Glyph#0560;;642421004777422850;;0;;1585938024
Stars#5682;;643041322147774484;;0;;1586509306
hawbz ãƒ„#0001;;643940178997805125;;0;;1582442914
Mattery#0099;;644322408630714388;;0;;1593008121
'MÆ›ÆŠÆŠYy â›„#2385;;644486492013592586;;0;;1592388759
$nydee#4700;;644627713528954910;;0;;1585932968
sater#6426;;644837479786086435;;0;;1592469346
DarkBoy#6666;;644852897439547402;;1;;1582279584
DarkFlame#3293;;646090589623943179;;0;;1590428203
lyrex ã…¿#6359;;646748867831791637;;0;;1583774779
iCaribbeanPilot58#2623;;647064777377447937;;0;;1581017602
!  ğ… ğ˜€ğ—¼ğ—°ğ—¶ğ—²ğ˜ğ˜†#6193;;647828412848668672;;0;;1592389267
! Silin PlayZ#8451;;649703170422997023;;1;;1590346382
! Alina#1370;;649728987123286020;;0;;1583685606
BlackGamerğŸ’¸#7773;;650648512790396928;;0;;1581010050
â™”KÌ·Î£nzo MTG#1654;;651099653332533269;;0;;1593419671
''Xen ğŸ­#9999;;651479805107109915;;0;;1586500614
"Bands#6791;;651562836543143974;;0;;1586276040
AliBubağŸŒ™#1001;;651594132011089921;;0;;1585676662
B0NNY#3487;;651775009986969611;;0;;1586282691
sadsunlly#0777;;651797902242480168;;0;;1586510321
ğ”½ğ• ğ•£ğ•¥ğ•Šğ•¥ğ•¦ğ•—ğ•—â¤ï¸ğŸŒ²â¤ï¸#5126;;652242871650615315;;1;;1579802259
â€¢ â€¢ â€¢#0007;;652667824321462272;;0;;1585503492
GhostHunter#0001;;653239956864761885;;0;;1583685776
Nexus SS management team#3551;;654149406831935501;;0;;1590089150
! Atom#0860;;654341759119392778;;0;;1591369294
IncentiveZ#0001;;655511383810506752;;1;;1584788755
Joker6791#3393;;655855903492407301;;0;;1592507747
Frxstii#0666;;656200663050747918;;0;;1586275979
!                       `Velox.#0999;;656218697853173800;;0;;1586807721
Ali Hawaii.#0880;;657306968607686661;;0;;1592385413
ğ™‡ğ™ªğ™˜ğ™ğ™›ğ™šğ™§#3697;;657338618259570713;;0;;1590346138
Thomas32#2133;;658361775304998953;;0;;1592570879
dave.#9999;;658411541619540028;;1;;1594994124
!weirdboy#0069;;658513249586774016;;1;;1581592449
bricktimes#5551;;659079014123569172;;0;;1595408140
" 2020#7099;;659115602991906817;;0;;1579886930
Boost God.#0001;;659125107460931606;;0;;1598644396
Levi | 7vN#0001;;660096005793906700;;1;;1595410313
AX10#6969;;660689727325732864;;0;;1595354639
fulksii#0394;;661273592054546445;;0;;1590348095
â˜¤ ` PÃ¸guÃ© Ä°s GÃ¸d â€ #2901;;661630567099400199;;0;;1581010358
Rynx Brawls#9191;;661766432748470272;;1;;1592373269
MineusdğŸŒ™#1021;;662026658882125824;;0;;1581592103
NÃ©pzy#0124;;662867649365147705;;0;;1587671182
Mad Max Payne#5697;;663099061171126284;;0;;1594915826
Acresolic#3443;;663734546889703456;;0;;1585938869
Blood#0199;;664249595177599007;;0;;1593092488
" ğ™†ğ™–ğ™¡ğ™–ğ™¨ğ™.#0001;;664284038089146370;;0;;1579886576
Yunooâ€¢#3522;;664782530175827968;;1;;1583944112
Alisson#3039;;664880977398464552;;0;;1581008836
justvibin#1579;;665370926573158420;;0;;1582443113
moothje#5910;;665479125758115841;;0;;1585942793
||discord.gg/KyrEEkb||#1431;;666000733065314314;;0;;1581013043
! LÃ¬qÃ¹iÃ¸d#9516;;666281102759034931;;0;;1590435623
RÃ©a ğŸ‘½#1337;;667115749223170059;;0;;1586505881
" ğšƒ ğ™´ ğ™³ ğ™¸ Ø­Ø±Ø§Ù…#6666;;667731242547937300;;0;;1584981473
Vestell#8571;;668099279138586636;;0;;1593165242
Inferno.#0001;;668322736636035083;;0;;1593099599
VioIet#0222;;668435008683507723;;0;;1598639075
Y-A$ap.#1079;;668436796471771136;;0;;1594994218
wÃ¸rst#7565;;669151981293666326;;0;;1590438153
é ¹Shimmer#6521;;669188790149054505;;0;;1597576139
valentin#9999;;670330066999181323;;1;;1593432491
!                           RÃ¸ux#1911;;670569560298094612;;0;;1597406816
When Life Gives You Karma#1221;;672506421115486208;;1;;1581593418
alexx but went bai bai#5973;;673162568185151528;;1;;1595408826
YoutubeXeniğŸ­#0666;;673552979151814746;;0;;1586282931
[MANAGER] Take Your Nitroâ„¢#5305;;673872434683707402;;0;;1594994525
flasher_master#6896;;674017633615740939;;0;;1586246087
Domestic Drout#2004;;674322972923920403;;0;;1594996228
Schizyy#6029;;674775914143547450;;1;;1583942642
AMITOP#4298;;675388241188487216;;0;;1585507613
" k4z " âœ˜#0004;;675458145094598666;;0;;1586510291
" $.#0999;;675671658706632717;;0;;1584528791
Szymcio#0056;;676163603560136755;;0;;1581600911
ProNoob#7974;;676716642088124416;;1;;1581759500
ItsDenislav#9999;;677002430302388224;;0;;1592507648
snxpinqs#7580;;677261037099286528;;0;;1587670127
MrPie#9675;;677583873739325490;;1;;1595070640
Lejo (20+reps)#0069;;677963405365084200;;0;;1595354661
hawbz#2937;;678671019829100548;;0;;1583941741
! Voidd ğŸª#6666;;678798812671770644;;0;;1594720334
mihabozic123#0108;;679017850433699850;;1;;1585508766
ğ™ğ™¤ğ™˜ğ™ ğ™®#0001;;679021024595017754;;0;;1585497045
ğ•­ğ–ğ–‘ğ–‘ğ– ğ–„ğ•¿#9609;;679809167175057420;;0;;1593022886
Someone#6969;;679944178079367179;;1;;1595408762
Blusterous#5392;;680929882150404170;;1;;1584808502
Hoodfame#4553;;680944676941201476;;0;;1590348233
SharkOsix#1591;;681061744239837185;;0;;1600523000
ahmdd#0001;;681238789892735086;;0;;1597518732
Boris Johnson#3675;;681630440196800731;;1;;1594899096
Anonymity#0001;;681949337269698589;;0;;1584809150
Depo#0740;;682823591750139913;;0;;1585938853
Jeo âœ#0006;;683273281381728276;;0;;1592388533
carli#0001;;683357973749563461;;1;;1594920013
Ken#0001;;683721039884320840;;1;;1583249874
Racks#0999;;684129385506275376;;1;;1583941960
ğŸ…¶ğŸ…·ğŸ…¾ğŸ†‚ğŸ†ƒ#3281;;684743300493869057;;1;;1594893966
Sleep#9999;;684866754559868980;;0;;1585939002
Sion#0881;;685003233617641542;;0;;1587283213
â˜¥ ğ™»ğš„ğš‡ğ™´ğš‚ ğŸŒ¹#0666;;685122892966789120;;0;;1584788298
SlÎ±pple#1111;;685893340683829340;;0;;1583944260
MineusdğŸŒ™#1021;;686023384995332127;;0;;1585296905
GAMER.IO-PC EXPERT_YT#0101;;686035087611133968;;0;;1593165477
Z-Tenshi.#0059;;687012859708047423;;0;;1594994244
Ceardy#0002;;687294148033773570;;0;;1585931883
! ğƒğ†ğšğ¦ğğ¬ğ˜ğ“#0009;;687361292641632367;;0;;1592503226
On a break.#9834;;687720991576817742;;1;;1590089832
Voidd#9999;;688425521398153282;;0;;1594720291
AstÃ©ria#6666;;688701493930491916;;0;;1585934801
OUTBURST#4113;;689044284137144405;;0;;1600525699
xvn#0201;;689118009146867715;;0;;1585929917
card#9936;;689185410341273603;;0;;1597695967
Hexxx#6544;;689512286422958161;;0;;1591377715
! YoutubeNaroğŸ­#6783;;689762906606534754;;0;;1587059165
! Jesse#0001;;689871440371384376;;0;;1586272635
ä¹ˆ à¹–Û£ÛœAkif^^#0001;;690307902627774525;;0;;1593099551
MDevil#1000;;690539494473990204;;0;;1592509453
SNYDEEE#3623;;690868811037016115;;0;;1586245152
shocker ğŸŒ™#9801;;690953490478006352;;0;;1585926923
ğ™ˆğ™§ğ™‚ğ™§ğ™šğ™šğ™£#9999;;691241168213901312;;1;;1585295351
Rug#0001;;691360731823603753;;0;;1585301060
Zira#3748;;691757553029349377;;0;;1585926188
Mikerooo#4951;;692297890512764939;;0;;1588013750
sav#3690;;692380530150473811;;0;;1592058174
java#0001;;692601365511536743;;0;;1586507859
VolitantStix#1938;;692792676524752927;;0;;1592032198
AndrÃ©s#6666;;693029010061393942;;0;;1586273485
Lxys#4774;;693081773717848064;;0;;1585940731
Furkvn#1000;;693136788553859124;;1;;1595410344
penguin xvc#1000;;693164780151636028;;0;;1593700656
Ryan'#0238;;693191576976883754;;0;;1595950351
omen#2020;;693234351910944769;;0;;1594720345
justin17#0007;;693517800760803398;;0;;1594915788
kush#4873;;694195832190140466;;0;;1597416620
Jes â€ #4640;;694232095676956693;;0;;1586263500
Cracker#3735;;694594496054165654;;0;;1586506810
Aidenn#0555;;694605388309594254;;0;;1590436557
".#1234;;694675427633135647;;0;;1585928837
Flowy#5939;;694860135104774155;;0;;1586505931
! Hayley.ğŸ‘½#0666;;694886092440338502;;0;;1585933427
MiniBot#7419;;694921950086037614;;0;;1587059504
Guardian#4856;;695718610160844901;;0;;1595064906
AndrÃ©s#0009;;696020762892697651;;0;;1586500909
Hardeez#0001;;696348308674707458;;0;;1590087082
''Xen ğŸ­#0001;;697204284126789712;;0;;1586500664
! DarkboyğŸ­#9966;;697279777974911077;;0;;1590343680
á—·Ò‰unnyÒ‰Devs#0001;;697808373147762738;;0;;1589827593
Denislav#0001;;697910368428884068;;0;;1595064920
'Bartu#2907;;698124291518234635;;0;;1594669945
jorgee#2663;;698428572251193394;;0;;1593698087
ĞĞ¸ĞºÑ‚Ğ¾ Ğ¼ĞµĞ½Ñ Ğ½Ğµ Ğ»ÑĞ±Ğ¸Ñ‚#6191;;698452350829854761;;0;;1593165203
DaxÃ¨n#3344;;698574348122062900;;0;;1590436992
" Lana.#8668;;700083724427198537;;0;;1598107636
Pork247#2638;;700723419116732518;;0;;1593421658
Cheery#2327;;701022275524100146;;0;;1589827467
kingjared â€¢#0379;;701156730838450257;;0;;1593007637
! RQRevenge#6969;;701168031979667557;;0;;1590343884
! Dex_xe ğŸŒ™#9938;;701775927696162886;;0;;1590437030
Gamer Kingdom#0765;;702034660456136754;;0;;1593165496
LPB Lucile#1234;;702080396661227561;;0;;1594990958
â„•ğ•’ğ•¤ğ•˜ğ•¦ğ• ãƒŠã‚¹ã‚°ãƒ«#8376;;702185779849461831;;0;;1587670815
Nationãƒ„#6666;;702598231997153390;;0;;1594727049
àº®Í¥ââ·½Ğ¸â·¨~â„³à¸ªÍ¢Ê›ÉªÌ·Í›Æˆ#9299;;702635764152008805;;0;;1591370881
Gun#0069;;702794342250709064;;0;;1600978088
Jtegraille#0001;;702889575097565215;;0;;1594991085
â¤œğ˜ğ˜¦ğ˜³ğ˜´ğ˜¢ğ˜¤ğ˜¦â¤€#4379;;702899678945083442;;0;;1587670795
StrongSkins#0574;;703096627459522590;;0;;1590087469
! Vexxxx#0595;;703763534202273812;;0;;1599219130
BK | Havo#0001;;703978684842901524;;0;;1594723972
! RÃ¸xy#3152;;704031870458789908;;0;;1591952969
anto#1111;;704153529916457009;;1;;1595408788
anto#9999;;704166765239730196;;0;;1592506440
Discord Robux#6970;;704416721133371422;;0;;1597775722
ItzPanda#0001;;705137218657845439;;0;;1596188796
Dm -> Free Nitro#4989;;705335892721795092;;0;;1591370267
TAÃ‡#3958;;705440301858422864;;0;;1597763592
Stxcks#0001;;705546138513571880;;0;;1610123959
1Rip#1902;;705733381996019803;;0;;1593089771
Rufi ğŸ‘½#0001;;705867124945715281;;0;;1594663442
! ğ™¼ğšŠğš—ğš˜ ğ™µğš›ğš˜ğšœ | ğ“•ğ“»ğ“¸ğ“¼ğ“¯ğ“®ğ“¬ğ“½ğ“¸ğ“»#8085;;706261074923749439;;0;;1594991222
Brick Man#0001;;706350529785364550;;1;;1595408742
!                         ğ™ğ˜¼ğ™†ğ˜¼ ğŸŒ™#1111;;706768176272113695;;0;;1598639192
Proton#2037;;706865827848126544;;0;;1593091828
âœ¯ Kiddu#0001;;707301937329995816;;0;;1593421226
Stipple#4421;;707663273088254004;;0;;1591372167
BK | Laro#0001;;707665579795939378;;0;;1594723999
Motion#8139;;707785737289990154;;0;;1591376658
Saro#0001;;707854882845097994;;0;;1590350638
Fahim#9999;;707896721002463344;;0;;1591369306
Scarface#7703;;708096373865578596;;0;;1590439219
skies#5496;;708246599612104806;;0;;1601572134
Flake#0005;;708283505028628511;;0;;1592503038
Marsi#8404;;708435544085889305;;0;;1591956798
Bad Boy#2889;;708748806539313202;;0;;1594727144
! âš¡ Xxjl222xX ãƒ„âš¡áµâ¿â±áµÊ°áµ—Ë¢#0001;;708975926846947380;;0;;1593697527
---------------------#2852;;710051997134487605;;1;;1593701243
2 invites = 2500 Robux#5623;;710475346176114688;;0;;1593092025
HexxxğŸŒ™#1197;;710845020198010961;;0;;1590343901
Shpaklovka#0814;;711236375646830633;;0;;1593162346
! WrldğŸŒ™#0001;;711242503654735943;;0;;1594720362
Aspect#0001;;711635367320617052;;0;;1595001334
mae#0438;;711704209183211544;;0;;1597576290
ScriptedMax#1154;;711873225545613343;;0;;1595408162
Horror#3135;;711967948927008808;;0;;1590437019
Gayrex#6666;;712349252453400637;;0;;1590439912
Boosting Event#4044;;712383785240494180;;0;;1594666802
JamesBones#2967;;712408548591665172;;0;;1593091495
YoungBoy#7191;;712442686807867393;;0;;1593091063
! â€  Î¨ L.S.D Î¨ â€  !#6666;;712592038322896926;;0;;1590434161
Melody ğŸ’›#4780;;712675569204199456;;0;;1594994541
Alin Gabi#0889;;712699739413676084;;0;;1592940487
KawaiiğŸŒ™#1410;;712717945368870933;;0;;1597561134
Adolf Krinkler#1277;;712916338590613524;;0;;1595933821
Akio#7026;;713028936778514547;;0;;1597772631
Unicode#9998;;713093803610996746;;0;;1591371695
asadssdasdasdsa#6724;;713811743335514142;;0;;1597579881
Rainbow#2868;;715100563661914133;;0;;1592040975
Aloxy#0001;;715150278982238260;;0;;1593091249
!             Bre#2793;;715674465303789658;;0;;1602527258
FIamingo#0001;;715989746169675860;;0;;1593008508
TrololololxD08#5344;;716298433039827024;;0;;1594990778
Clixy#0001;;716724232905818122;;0;;1610123890
Robux payer pro#7038;;716850415957966950;;0;;1593846411
>_chqd#0667;;717373211280408787;;0;;1593023453
Umut#1337;;717389705876078673;;0;;1598435327
Shaderhoth#7222;;717477786046038038;;0;;1591438483
Naipo#0009;;717681409015152681;;0;;1593022860
Adalet#8602;;717841856892764203;;0;;1601573278
apollo#8039;;718068296234303599;;0;;1592389563
!rocky#7767;;718151896258314371;;1;;1595951475
xDowny#0001;;718389701043814410;;0;;1601138930
! ã€Œğ’ğ”ğ’ğ‡Î›ğğ“â•®á´¼á´¾éğ™”ğ™ä¹‚#9999;;718441364848771222;;0;;1592388743
!                    RÃ©waling A5#6481;;718795462655868961;;0;;1597406795
iFakeZà¿#0001;;719066121784918046;;0;;1610124017
HexxxğŸŒ™ | X-Space#0630;;719163295428378686;;0;;1592047523
Gringit0#2918;;719216734216650786;;0;;1593091587
Ayseee#8768;;719532790395437237;;0;;1593099574
Unicode#0100;;719563966287970324;;0;;1592029316
roraito.js#0001;;719613364573044749;;0;;1595410020
Big Brain Meep#1500;;719744045521305681;;0;;1601572867
LucasX#7818;;719993075870466190;;0;;1595950945
AmazingGuy#4000;;720007515378811001;;1;;1594917158
Account Deleted#7648;;720258721707589743;;0;;1593100497
Ù´Ù´Ù´Ù´#6270;;720656591573221486;;0;;1595084588
!       Ga (dm me for events)#1896;;720685072206004264;;0;;1598639092
RdmğŸŒ™#7830;;720748382745788507;;1;;1593699039
vale#9999;;720808573118185564;;0;;1597573962
Lexi.#5742;;720810990379335842;;-1;;1597952265
! à¹–Û£ÛœHesab Devre DÄ±ÅŸÄ± BÄ±rakÄ±ldÄ±#4501;;720951180259229736;;0;;1593091198
! Kylie#7458;;721315885914259546;;0;;1592382806
>"Shadow#2000;;721367016908390541;;0;;1602181096
Shayan#3091;;721723157521629248;;1;;1596023894
Reward Gifter!#3667;;721735702207004804;;0;;1593010068
AX10#1751;;722426358684319744;;0;;1592503012
Yakuza.#2687;;722632001068335106;;0;;1593700627
mariamâœ¨âœ¨#3549;;722698938314129438;;0;;1593007673
Jakee#9999;;722768671428182067;;0;;1593168397
$kull#0001;;722918700063391806;;0;;1594916094
anna â™¥#4465;;722975533897351279;;0;;1594666729
Mocha#3497;;722997987974053929;;1;;1594666649
! fredrick#3445;;723040323638657065;;0;;1592503216
TB#6308;;723151040802848809;;0;;1593699793
Ã‡ â™¥ Ã– â™¥ Ä â™¥ N â™¥ Ã€ â™¥#6310;;723635311132934145;;0;;1593091381
Qwert#2021;;723680896003211345;;0;;1610123945
\-_-/#2425;;723754574460092558;;0;;1595330742
badlilhoe#0545;;724002380756156487;;0;;1597649490
KOBA#8841;;724260577563639847;;0;;1593091451
aaron..#0001;;724328948963737660;;1;;1595002554
$ky#6666;;724379253533048872;;0;;1593762766
Moonlight#0608;;724917746986647602;;0;;1593165174
Damn#1186;;725102094289469480;;0;;1594994741
! ğ“¨ğ“®ğ“®ğ”ƒğ”‚ãƒ„ğŸŒ™#9999;;725381671716913304;;1;;1593192248
Dewil#0013;;725421497988022302;;0;;1597689992
Robux for *FREE*#0326;;725447466291429386;;0;;1593092015
Dragonwings -Dragon Noob Eater#1935;;725789066368647260;;0;;1593164675
Jackiee!!#5874;;725964916070285314;;0;;1595950159
Reward Gifter#1554;;727213427524894722;;0;;1594720372
The Lord Of Hell#0079;;727334950537265193;;0;;1594724030
The Black Devil#0666;;727639914564550677;;0;;1594724023
Lightway#0001;;729006707665010759;;1;;1595058214
Vinguarde#5155;;729320664414158909;;0;;1594990700
ğ•‚ğ•’ğ•¤ğ•’ğ•™ğ•š#2727;;729731533518143608;;0;;1597576941
KasahiÂ®#7310;;731497436664823930;;0;;1597576339
!                            Eda#2112;;731944946814156961;;0;;1597406877
! Lezzy#0001;;732192222673502219;;0;;1597737991
Free Nitro!#5790;;732270856654553178;;0;;1594719954
ï½ƒï½ˆï½ï½‰ï½ƒï½…ï½“â…‹#6349;;732307770866663465;;0;;1597649138
THE BAD GUY!#7048;;732972444117368902;;0;;1595064879
Selloutstreamerbtww#1445;;733075734826057823;;0;;1595950569
Reward 4 Nitro#5407;;733406950360088667;;0;;1594994267
A e s t h e t i c#4780;;733683166665113650;;0;;1595050859
Domestic Drout#2004;;733687198414798909;;0;;1595050733
MinecraftGamer3#6855;;733717376234946620;;0;;1595050540
ZÎ£Î£K#1705;;733719054619115581;;0;;1595050612
kazookid#5540;;733722248107786280;;0;;1595050794
ğŸ¦‡Ù´#0470;;733740633138790520;;0;;1597578651
ğ’±ğ’¾ğ’¸ğ“‰ğ‘œğ“‡ğ’¾ğ’¶#6941;;733992321778974721;;0;;1595084700
Papelito#6969;;734031482380877845;;0;;1595084675
Leafy#6005;;734034779485241375;;0;;1595084639
Voidd#9999;;734037022846615613;;0;;1595084613
!  SkyLight#0001;;734186594109489202;;1;;1599419823
Keldan#0001;;734693100806602772;;0;;1597405941
" Miniwe.#5399;;737045573697404959;;-1;;1597952263
FeechÃ­#6666;;737565594559184946;;0;;1595950197
xDaddy#9062;;738659623720058920;;0;;1600523438
Xolar#6969;;738695439452340224;;0;;1610123821
Aeo.#0001;;739180901799559168;;0;;1597406392
! Do#2431;;739568056728289324;;0;;1597748556
Supreme#9719;;739851537022451853;;0;;1600524254
Nitro Wumpus#7320;;741147857330896966;;0;;1598600181
Emirates.#0001;;742407125837414420;;0;;1597406171
Rider#0002;;743171868181135362;;0;;1600523233
Fiscal#8439;;744243996267905076;;0;;1600978794
User name#1137;;744419300995104831;;0;;1598435370
!               ğ•Š ğ• ğ•€ ğ•„  â„¢ğŸŒ™#0001;;746092039065567233;;0;;1598170398
Kap.#5619;;747470434152218665;;0;;1602181432
!Exlp.#1017;;748877102584954901;;0;;1610123798
Managers#0816;;749291194701447259;;0;;1599219131
LyricsğŸŒ™#6174;;750708257882112021;;0;;1602436209
T.leave (2)#0212;;755715265655865346;;0;;1602181583
! aÃ©ko#5141;;755900710897582102;;0;;1602180119
Maâ€ rix#0004;;758260590984036382;;0;;1610123850
" Yanis.Exe#9999;;758433598893195326;;0;;1601572777
Asta#9999;;759823165928243302;;0;;1610123696
azazel#4234;;760228858946387989;;0;;1603887770
"Yanis.Exe#2630;;763471137996406785;;0;;1602180748
qweqweasdas23#3483;;763714405271601152;;0;;1602436030
Pansitodeawa#0002;;783092354763718656;;0;;1610123933
Lion#9999;;787440030506811413;;0;;1610123809
HARLET#4396;;788622263481794580;;0;;1610123681
vex#7493;;789935473296277535;;0;;1610123919
Mimex#0001;;790534945252311072;;0;;1610123836
Ayme#0001;;790568555657429002;;0;;1610123874
